Anticodon	clean_Ctrl_1_R1.fq.gz.unpaired_uniq	clean_Ctrl_2_R1.fq.gz.unpaired_uniq	clean_X1_1_R1.fq.gz.unpaired_uniq	clean_X1_2_R1.fq.gz.unpaired_uniq	clean_X2_1_R1.fq.gz.unpaired_uniq	clean_X2_2_R1.fq.gz.unpaired_uniq	clean_X4_1_R1.fq.gz.unpaired_uniq	clean_X4_2_R1.fq.gz.unpaired_uniq	size
Escherichia_coli_str_K_12_substr_MG1655_tRNA-eColiLys-TTT	229.219328685596	212.180818500525	267.969959294073	238.608223624753	370.11571033065	393.985657704978	405.270197276347	413.965957065709	1
Homo_sapiens_tRNA-Ala-AGC	73059.899697503	77855.0088059251	106044.871359628	91511.5561650623	95532.8412090006	99596.190341924	87661.0464469209	103019.618868741	33
Homo_sapiens_tRNA-Ala-CGC	34182.000508972	40012.2582773896	39639.2018267157	44658.1802538573	51209.1258024343	48728.5328793396	45743.8396650236	60469.5057529726	5
Homo_sapiens_tRNA-Ala-GGC	0	0	0	0	0	0	0	0	NA
Homo_sapiens_tRNA-Ala-TGC	57138.4490293414	64785.8765821602	69875.7109045304	66065.3147167247	73833.3660220229	75034.9310734017	66767.5757662488	86740.3441154211	10
Homo_sapiens_tRNA-Arg-ACG	129728.404852203	135251.290887439	115535.75675336	101062.513116264	113782.796036239	87961.5279900043	116065.800477793	94020.5576891915	7
Homo_sapiens_tRNA-Arg-CCG	86547.5544047172	96626.7061284598	80234.9546473671	70498.1252711757	73475.8321488706	65791.9792018444	81598.5351284808	80208.316866507	4
Homo_sapiens_tRNA-Arg-CCT	97922.674217829	126850.136670686	94545.9072835911	81878.411936834	78101.754284788	71977.3123188201	89408.2572464031	79984.8260430605	7
Homo_sapiens_tRNA-Arg-TCG	67663.9527979043	68123.2012390405	60710.4598917129	66659.1840733019	64789.1220636314	53681.1501347844	61468.7368603635	61270.0092478629	6
Homo_sapiens_tRNA-Arg-TCT	36779.5245618378	30541.9759054011	31572.9668494839	54597.5383690706	50210.9667196162	40306.183037174	58341.6775320594	60920.5508693829	6
Homo_sapiens_tRNA-Asn-ATT	0	0	0	0	0	0	0	0	2
Homo_sapiens_tRNA-Asn-GTT	1184.15236209007	877.233358141704	1227.91297803107	1179.78510570017	1128.17140032799	891.906182166483	1079.3420560115	950.343933337352	38
Homo_sapiens_tRNA-Asp-ATC	0	0	0	0	0	0	0	0	NA
Homo_sapiens_tRNA-Asp-GTC	95012.739265249	85806.0326557819	100722.78444656	99899.9608267147	106678.251976181	103259.29012261	113877.479259507	98252.6611913651	19
Homo_sapiens_tRNA-Cys-ACA	0	0	0	0	0	0	0	0	1
Homo_sapiens_tRNA-Cys-GCA	49009.5705197769	30450.4146736451	50452.9768929119	43804.4930537776	50930.2284116469	59473.7061390174	58824.1420526265	69373.5833325578	31
Homo_sapiens_tRNA-Gln-CTG	193385.001973318	210390.165908218	133903.571051808	210961.484114098	199684.240885191	101608.417704129	150480.683964872	146162.998534023	23
Homo_sapiens_tRNA-Gln-TTG	13206.2193924574	10147.3968703042	8951.55345034252	15150.2965989295	17836.8511732154	9604.30681528054	18107.5826919119	17516.0932876208	9
Homo_sapiens_tRNA-Glu-CTC	578062.826410254	705559.338224221	422283.343574646	426748.156750386	424710.3988205	383392.761110548	548176.188268316	415834.137176246	12
Homo_sapiens_tRNA-Glu-TTC	82286.1989312765	55999.2879586733	56867.2957919637	63908.5614954054	76342.3940526779	77772.2854129777	104432.891651891	92468.3123336175	18
Homo_sapiens_tRNA-Gly-CCC	116873.537094835	117326.67202636	252509.110250245	98773.1997707089	99302.1499303567	135714.76508478	133661.970777904	156207.895180564	10
Homo_sapiens_tRNA-Gly-GCC	78771.7975636684	73156.8759022274	351793.6761811	66409.9710397382	77337.4076762014	133655.404469046	92485.6916525917	111649.920189605	15
Homo_sapiens_tRNA-Gly-TCC	198439.332421672	253507.830273429	191405.175481594	159229.89563101	203906.495744969	186942.568946125	165133.131454494	190834.750671464	11
Homo_sapiens_tRNA-His-GTG	11521.1475707687	13188.1069979628	17662.2731398005	11897.2711501787	15926.5088949648	13476.4848744424	7979.27393515012	8028.3998986265	10
Homo_sapiens_tRNA-Ile-AAT	14167.3475428533	13052.6840982997	10942.6720086415	15944.3317431029	14089.5606669215	13419.6832612149	14698.6262365908	15885.6261438406	17
Homo_sapiens_tRNA-Ile-GAT	82.3065543156772	44.4099387559238	183.169339264303	102.0712956617	79.6849687964007	128.105766002232	134.400830729401	159.49117855047	3
Homo_sapiens_tRNA-Ile-TAT	862.891295245003	729.200228955291	987.079217146522	1090.96982246207	890.164980370318	665.908274219149	683.031914117109	764.948136614673	5
Homo_sapiens_tRNA-Leu-AAG	37480.4577985906	29188.8434504675	109752.354467329	33862.4837360795	40490.4490128868	58129.8041409562	38572.3491843086	44889.1477566124	13
Homo_sapiens_tRNA-Leu-CAA	44948.2288234905	40225.5356375878	64034.6441968799	48054.3706367829	34781.4403931974	51911.8403099988	43650.6328807918	45436.7002740564	7
Homo_sapiens_tRNA-Leu-CAG	40665.632948936	31384.668200066	90777.3677294681	44002.0076388892	42444.8277212617	75149.7428448188	45557.7462070906	51176.8589008043	9
Homo_sapiens_tRNA-Leu-TAA	20696.115835184	16280.9028562612	23537.2600954629	22096.4471088945	15056.2651567936	21171.2906493123	18845.0641733501	22403.4312494445	5
Homo_sapiens_tRNA-Leu-TAG	17950.7939912353	12784.0313823688	54869.3931840623	16701.2500524904	19578.3871359893	26641.1651486151	17260.512840802	18889.5459844376	4
Homo_sapiens_tRNA-Lys-CTT	449838.949970272	584400.25296448	278824.438657884	353088.472516183	342722.953820456	326960.962641602	406131.051828045	335416.551629603	21
Homo_sapiens_tRNA-Lys-TTT	5238.41392467197	5354.41310975743	4874.33963931118	5224.19449613973	5072.57735574982	3481.81803634368	4411.79342307125	3823.21688200441	19
Homo_sapiens_tRNA-Met-CAT	63518.534513876	87798.9971913101	76466.4150932442	97202.3622985126	80879.1948419151	88181.4831731402	81768.776180738	93971.796054985	11
Homo_sapiens_tRNA-Phe-GAA	33152.7260716695	25622.3415787727	15911.988342386	33171.8454888101	22268.8033192994	15327.9757566633	16816.6454818803	23999.3589023285	17
Homo_sapiens_tRNA-Pro-AGG	46127.9561020152	57036.6164046759	67806.5757758041	44903.4164836938	41169.8682205193	69482.8755166635	54867.2437489471	60465.4422834554	11
Homo_sapiens_tRNA-Pro-CGG	21070.4779048134	29497.5199383636	24775.3491478976	24311.5267848776	20302.8912601777	25182.4513791369	24771.796191002	25002.5279393895	4
Homo_sapiens_tRNA-Pro-GGG	0	0	0	0	0	0	0	0	1
Homo_sapiens_tRNA-Pro-TGG	17371.9930608863	21365.0184375412	21230.6832306532	18732.0711557855	17245.5048258316	24315.9246411784	19872.713602158	19568.6533275012	9
Homo_sapiens_tRNA-SeC-TCA	16566.627851991	15089.510301735	12798.1095748929	14396.0294920268	10027.7242311681	9766.25184022676	9159.9335404807	8605.92050375989	3
Homo_sapiens_tRNA-Ser-ACT	21.2404011137231	23.5756465000583	37.3122728130988	34.4656323013532	24.1151879252265	33.8392589439858	15.1631706463939	18.7935465170935	1
Homo_sapiens_tRNA-Ser-AGA	154394.705662227	137787.043563317	90818.0720270824	122136.921667299	90077.5663057417	86296.1530319752	104081.381786907	110297.292774063	11
Homo_sapiens_tRNA-Ser-CGA	60289.108527877	45267.4343635073	45063.0494838198	57277.904081122	40930.8133141301	37229.2275631958	48810.9355457715	44957.2108710257	4
Homo_sapiens_tRNA-Ser-GCT	266280.28856219	257234.975503834	160649.686609197	183851.613106599	186409.354175569	116286.196271083	203180.972781444	172154.981300853	8
Homo_sapiens_tRNA-Ser-GGA	0	0	0	0	0	0	0	0	NA
Homo_sapiens_tRNA-Ser-TGA	73089.1052490344	63440.4199191103	48241.3767225355	56544.846594097	44456.8731833708	42092.4124914315	54482.6506025522	55500.3904671152	4
Homo_sapiens_tRNA-Sup-TTA	0.885016713071798	0.548270848838565	3.3920248011908	0	0	0	0	0	1
Homo_sapiens_tRNA-Thr-AGT	10605.1552727394	7090.23861718032	9355.20440168422	8189.56447529847	7408.6051252022	4934.4890810105	7946.1906537398	7774.94098749057	10
Homo_sapiens_tRNA-Thr-CGT	39629.278377929	33811.3149770255	26603.6505157394	32502.4168614184	35460.8596008298	20342.2288051846	39607.5801984397	36180.624647543	6
Homo_sapiens_tRNA-Thr-TGT	6669.48594970907	4977.75103660533	6505.90356868395	5889.64631980432	7547.00533416437	6343.65250703506	6386.45178224937	7553.48189880265	6
Homo_sapiens_tRNA-Trp-CCA	51376.990227244	77680.1104051456	61616.1305136308	78325.8006073099	77673.9718207231	66286.2740914191	88694.2097559638	91565.2062334177	7
Homo_sapiens_tRNA-Tyr-ATA	0	0	0	0	0	0	0	0	1
Homo_sapiens_tRNA-Tyr-GTA	11707.0010805137	8068.90208235716	6387.18270064227	17358.7482687008	14252.0760638089	3779.12009706584	13657.1921071953	10171.8800689545	15
Homo_sapiens_tRNA-Val-AAC	145581.709233458	202032.325088523	134805.849648925	158183.996250788	162282.632899596	200842.044557367	106087.055722407	127062.15213469	11
Homo_sapiens_tRNA-Val-CAC	153541.549550826	227562.557164691	149262.6593516	173636.529932975	181574.783239777	222592.228243614	125616.530279933	156089.546630876	21
Homo_sapiens_tRNA-Val-TAC	44547.3162524689	58561.357635296	44611.9101852614	54113.6939156093	52146.4726722235	54501.752164176	34188.814397442	46562.2813303234	5
Homo_sapiens_tRNA-iMet-CAT	192140.66847474	242017.16982347	157942.850817847	177625.264071236	155726.447243229	183106.647235832	168995.604559149	165180.543808252	10
