isodecoder	clean_Ctrl_1_R1.fq.gz.unpaired_uniq	clean_Ctrl_2_R1.fq.gz.unpaired_uniq	clean_X1_1_R1.fq.gz.unpaired_uniq	clean_X1_2_R1.fq.gz.unpaired_uniq	clean_X2_1_R1.fq.gz.unpaired_uniq	clean_X2_2_R1.fq.gz.unpaired_uniq	clean_X4_1_R1.fq.gz.unpaired_uniq	clean_X4_2_R1.fq.gz.unpaired_uniq	size
Escherichia_coli_str_K_12_substr_MG1655_tRNA-eColiLys-TTT-1	228.921660011159	225.391228020041	258.127169680033	230.598942960171	356.581218684982	386.200197246507	421.420833420633	419.184751148029	1
Homo_sapiens_tRNA-Ala-AGC-1	1527.32288995862	1175.29586083835	4662.62621687857	1665.4368102679	2273.8366098014	3585.97545112017	2714.86754591387	3160.60158994434	1
Homo_sapiens_tRNA-Ala-AGC-10	205.941107268726	189.864445308872	120.895003521028	190.884680561475	258.597144428769	184.807456351089	179.892226511188	220.136286492462	2
Homo_sapiens_tRNA-Ala-AGC-11	13304.8561704555	11234.0346182909	12488.1271204694	15555.1798079022	13474.3254278725	16422.9856884304	15106.6468143539	18869.485847077	1
Homo_sapiens_tRNA-Ala-AGC-12	1808.39272734684	1907.38054719802	1705.59977940477	2236.80974671366	2239.49167655696	2062.49859940543	1861.27534760779	2389.09591298478	3
Homo_sapiens_tRNA-Ala-AGC-13	1250.67238963625	1337.20480499745	1225.28719784826	1404.09134157971	1400.06110225888	1477.27498762698	1165.35761078563	1552.78375916061	3
Homo_sapiens_tRNA-Ala-AGC-14	403.927407818918	358.762264755414	349.615280452703	502.193253557705	453.55514784577	478.603925422052	333.983177506828	467.532440237495	2
Homo_sapiens_tRNA-Ala-AGC-15	592.191166824234	575.417398666151	575.068124856782	620.054935515126	716.192872656239	797.278321309507	675.133375990197	875.91611190809	1
Homo_sapiens_tRNA-Ala-AGC-16	2.65160223951149	2.32962509581437	9.80229758278605	2.56221047733523	2.02029019084976	2.3693263634755	2.15010629296241	0.514337117973041	1
Homo_sapiens_tRNA-Ala-AGC-17	349.127628202347	315.081794208894	316.940955176749	352.303940633594	321.226140345111	319.859059069193	232.21147963994	314.259979081528	1
Homo_sapiens_tRNA-Ala-AGC-18	5.30320447902299	5.24165646558234	6.5348650551907	11.5299471480085	9.0913058588239	7.10797909042651	2.15010629296241	7.71505676959562	2
Homo_sapiens_tRNA-Ala-AGC-19	24.7482875687739	36.6915952590764	52.2789204415256	40.9953676373637	20.2029019084976	39.0938849973458	16.4841482460452	27.2598672525712	1
Homo_sapiens_tRNA-Ala-AGC-2	4845.36115900067	4658.08537908084	18441.3891857482	6570.7887691262	8076.1100379219	12980.3544823005	11330.3434618143	13200.9764698961	3
Homo_sapiens_tRNA-Ala-AGC-20	0	0	0	0	0	0	0	0	1
Homo_sapiens_tRNA-Ala-AGC-21	0.883867413170498	0.582406273953594	0	0	0	2.3693263634755	0	1.02867423594608	1
Homo_sapiens_tRNA-Ala-AGC-23	0	0.582406273953594	0	1.28110523866762	1.01014509542488	0	2.15010629296241	0.514337117973041	1
Homo_sapiens_tRNA-Ala-AGC-24	1217.08542793578	1269.64567721883	1035.77611124773	1192.70897719955	1285.91470647587	1318.53012127412	1123.07218702403	1318.24603336491	1
Homo_sapiens_tRNA-Ala-AGC-3	1216.2015605226	907.971381093653	4803.12581556517	1441.24339350107	2277.8771901831	3264.93172886924	2284.84628732139	2337.66220118747	1
Homo_sapiens_tRNA-Ala-AGC-4	26500.1127816779	39269.907833869	25907.4725113035	32951.3078437697	35762.166813327	28335.9586439853	31890.3765372185	34297.0277006784	1
Homo_sapiens_tRNA-Ala-AGC-5	6180.00095288812	7049.4455399343	5440.27515844626	7235.68238799469	7178.09104808918	5551.3316696231	6606.55993617584	7493.37747174924	1
Homo_sapiens_tRNA-Ala-AGC-6	5533.01000644732	5521.21147708007	4894.61392633784	5963.54488599775	5329.52552346166	4834.61044467176	4642.7961886035	4732.93015958793	1
Homo_sapiens_tRNA-Ala-AGC-8	7089.50052104056	5944.03843197038	19196.1660996227	9449.43224041233	9869.11758230106	14679.1614849125	9763.63267634231	11547.3826356128	2
Homo_sapiens_tRNA-Ala-AGC-9	777.803323590038	822.940065096428	758.044346402122	898.054772305999	790.94360971768	985.639767205809	1063.58591291874	1276.07038969112	2
Homo_sapiens_tRNA-Ala-CGC-1	15978.5550952963	20278.2216465162	14902.7597583624	20251.7116128577	22852.512493797	19992.3758550063	18326.7893391139	25302.8145186838	1
Homo_sapiens_tRNA-Ala-CGC-2	10785.8340429196	14917.7543010473	10756.3878808439	13466.978268874	14394.5676098045	14518.0472921961	14789.8644871908	20256.6530542503	1
Homo_sapiens_tRNA-Ala-CGC-3	5302.32061160982	5546.83735313403	5240.96177426294	7361.23070138412	9244.84791332849	9009.3634971156	11553.2378141847	12479.3614933799	1
Homo_sapiens_tRNA-Ala-CGC-4	1836.67648456829	1527.65165658028	7057.65425960596	1839.6671227267	2668.80334211253	4128.55118835606	2757.15296967547	3095.28077596176	1
Homo_sapiens_tRNA-Ala-CGC-5	234.224864490182	232.962509581437	225.452844404079	239.566679630844	175.765246603929	117.281654992037	139.756909042557	97.7240524148779	1
Homo_sapiens_tRNA-Ala-TGC-1	1395.62664539622	1229.45964431604	5342.2521826184	1245.23429198492	1930.38727735694	2826.60635162627	1442.72132257778	1753.88957228807	1
Homo_sapiens_tRNA-Ala-TGC-2	8535.5076089875	10149.5941361893	7694.80360248705	10161.7267531115	11259.0772336057	10032.912486137	9171.63674367999	12189.2753588431	1
Homo_sapiens_tRNA-Ala-TGC-3	29264.8500500752	36657.2332889131	26469.4709060499	33781.4640384264	36076.3219380041	36249.5086979935	35965.5446644799	47186.3158770828	2
Homo_sapiens_tRNA-Ala-TGC-4	14445.9290008586	17497.8140946618	15405.9443676121	14669.9360879829	16822.9564192059	15596.0907875775	16514.9664362443	18541.8531029281	1
Homo_sapiens_tRNA-Ala-TGC-5	2849.58854006168	2792.63808360748	10642.0277423781	3405.17772437852	4321.40071822763	7702.68000765886	5613.2108288272	7329.30393111584	1
Homo_sapiens_tRNA-Ala-TGC-6	563.023542189607	474.078706998225	1738.27410468073	571.372936445757	716.192872656239	1131.35333855955	715.985395556483	824.996737228759	1
Homo_sapiens_tRNA-Ala-TGC-7	3.53546965268199	18.0545944925614	13.0697301103814	10.2488419093409	6.06087057254927	8.29264227216426	3.58351048827069	7.71505676959562	1
Homo_sapiens_tRNA-Ala-TGC-8	0	0	0	0	0	0	0	0	1
Homo_sapiens_tRNA-Ala-TGC-9	6.18707189219348	0.582406273953594	3.26743252759535	2.56221047733523	1.01014509542488	4.73865272695101	0.716702097654137	0.514337117973041	1
Homo_sapiens_tRNA-Arg-ACG-1	69149.3670693939	76987.1205413776	59098.0521266171	53165.867404706	59203.5938977567	46422.2114395755	67411.5659011528	55535.0359760212	3
Homo_sapiens_tRNA-Arg-ACG-2	60410.5699553772	66684.9359614125	52193.9671958081	44504.3148860743	50418.3620028465	39801.1289168432	53279.6339396086	39670.8219092607	4
Homo_sapiens_tRNA-Arg-CCG-1	47442.4672693396	45554.0715298282	34252.4951867821	31412.7004521299	33830.7693908746	29913.93000206	37481.3696010184	35073.6767488176	3
Homo_sapiens_tRNA-Arg-CCG-2	38992.6947994297	57088.6277854792	43035.3538209584	36719.0383506912	36958.17860631	34577.9489485615	47368.9917402549	46145.8118874233	1
Homo_sapiens_tRNA-Arg-CCT-1	19098.6070637881	31031.1886825214	19689.5484112896	16220.0734267707	15937.0591705183	14548.8485349213	14644.373961367	15353.9916457312	1
Homo_sapiens_tRNA-Arg-CCT-2	23692.0660100352	30756.8753274893	21012.8585849657	18537.5928035204	17295.7043238648	13774.0788140648	23396.7399779193	18545.453462754	1
Homo_sapiens_tRNA-Arg-CCT-3	5278.45619145421	7856.66063563398	6740.71330442921	4565.85907061138	5094.16171622766	5858.15943369318	5132.30372130128	5048.2188129054	1
Homo_sapiens_tRNA-Arg-CCT-4	49718.4258582537	65087.9779582318	43603.88708076	39800.0964496868	36915.7525123022	36365.6056898038	49794.3116387165	42042.9446973524	1
Homo_sapiens_tRNA-Arg-CCT-5	7.95480671853448	14.5601568488398	26.1394602207628	6.40552619333808	3.03043528627463	8.29264227216426	3.58351048827069	2.57168558986521	1
Homo_sapiens_tRNA-Arg-CCT-6	0	0.582406273953594	0	0	0	0	0	0	1
Homo_sapiens_tRNA-Arg-CCT-7	0	0	0	0	0	0	0	0	1
Homo_sapiens_tRNA-Arg-TCG-1	23459.6088803714	25973.5725995084	21538.9152219086	22580.7609367554	22981.8110660114	18423.8818023855	24408.723339807	22819.5949131099	1
Homo_sapiens_tRNA-Arg-TCG-2	4277.03441233204	4453.07837064918	4365.28985686739	4240.45833998981	4255.74128702501	3841.86269837553	3143.45540031105	3592.64476904169	1
Homo_sapiens_tRNA-Arg-TCG-3	26455.9194110193	28399.2947305251	21375.5435955288	24949.5245230518	23352.5343160323	20303.9422718033	24180.0953706553	23937.7638075833	1
Homo_sapiens_tRNA-Arg-TCG-4	1460.14896655766	1598.70522200261	1306.97301103814	1422.02681492105	1619.26258796608	1357.62400627146	1338.08281632027	1475.11885434668	1
Homo_sapiens_tRNA-Arg-TCG-5	11923.37140367	11939.9110223226	9887.25082850353	11228.8874169217	10209.5364794592	8691.87376440988	10847.2862479954	10215.7638371805	1
Homo_sapiens_tRNA-Arg-TCG-6	0	0	6.5348650551907	0	1.01014509542488	1.18466318173775	0.716702097654137	1.54301135391912	1
Homo_sapiens_tRNA-Arg-TCT-1	23405.692968168	21381.2991293843	19104.67798885	32932.0912651897	30760.9384458784	25450.1191332721	40753.8313789072	40024.1715093082	1
Homo_sapiens_tRNA-Arg-TCT-2	6302.85852331882	5057.03367673905	4989.3694696381	8940.83346066129	7544.77371772842	5790.63363233413	8229.1734852648	9243.6666842115	1
Homo_sapiens_tRNA-Arg-TCT-3	6636.96040549727	5515.38741434053	5727.80922087465	10141.2290692928	9392.32909726052	7778.49845129008	10782.0663571088	11710.9418391282	2
Homo_sapiens_tRNA-Arg-TCT-4	385.366192142337	489.221270121019	588.137854967163	746.88435414322	675.787068839243	486.896567694216	899.461132555942	707.213537212932	1
Homo_sapiens_tRNA-Arg-TCT-5	0.883867413170498	0.582406273953594	3.26743252759535	3.84331571600285	1.01014509542488	3.55398954521325	2.15010629296241	2.57168558986521	1
Homo_sapiens_tRNA-Asn-ATT-1	0	0	0	0	0	0	0	0	2
Homo_sapiens_tRNA-Asn-GTT-1	170.586410741906	177.633913555846	245.057439569651	187.041364845472	176.775391699354	111.358339083349	116.10573981997	134.241987790964	1
Homo_sapiens_tRNA-Asn-GTT-10	40.6579010058429	25.6258760539581	42.4766228587396	33.308736205358	27.2739175764717	29.6165795434438	38.7019132733234	16.9731248931104	1
Homo_sapiens_tRNA-Asn-GTT-11	0.883867413170498	0.582406273953594	0	0	0	0	0	1.54301135391912	2
Homo_sapiens_tRNA-Asn-GTT-12	1.767734826341	0	0	0	0	0	0	0	1
Homo_sapiens_tRNA-Asn-GTT-13	3.53546965268199	1.74721882186078	0	1.28110523866762	0	0	0.716702097654137	1.54301135391912	1
Homo_sapiens_tRNA-Asn-GTT-14	4.41933706585249	5.82406273953594	16.3371626379768	12.8110523866762	9.0913058588239	5.92331590868876	5.7336167812331	3.60035982581129	1
Homo_sapiens_tRNA-Asn-GTT-15	0	1.74721882186078	3.26743252759535	0	0	0	0	0	3
Homo_sapiens_tRNA-Asn-GTT-16	0	0	0	0	0	0	0	0	2
Homo_sapiens_tRNA-Asn-GTT-17	12.374143784387	12.2305317530255	13.0697301103814	16.654368102679	10.1014509542488	16.5852845443285	7.88372307419551	9.25806812351475	1
Homo_sapiens_tRNA-Asn-GTT-18	0	0	0	0	0	0	0	0	1
Homo_sapiens_tRNA-Asn-GTT-19	0	0	0	0	0	0	0	0	1
Homo_sapiens_tRNA-Asn-GTT-2	13.2580111975575	9.90090665721109	13.0697301103814	16.654368102679	14.1420313359483	4.73865272695101	11.4672335624662	9.77240524148779	8
Homo_sapiens_tRNA-Asn-GTT-20	0.883867413170498	0	3.26743252759535	0	1.01014509542488	1.18466318173775	1.43340419530827	1.54301135391912	1
Homo_sapiens_tRNA-Asn-GTT-21	0	0	0	0	0	0	0	0	1
Homo_sapiens_tRNA-Asn-GTT-22	0	0	0	0	0	0	0	0	1
Homo_sapiens_tRNA-Asn-GTT-24	50.3804425507184	20.9666258623294	62.0812180243117	51.2442095467046	40.4058038169951	43.8325377242968	26.5179776132031	27.7742043705442	1
Homo_sapiens_tRNA-Asn-GTT-25	1.767734826341	3.49443764372156	6.5348650551907	5.12442095467046	4.04058038169951	8.29264227216426	4.30021258592482	1.02867423594608	1
Homo_sapiens_tRNA-Asn-GTT-26	7.07093930536398	1.74721882186078	6.5348650551907	11.5299471480085	4.04058038169951	4.73865272695101	0.716702097654137	7.20071965162258	1
Homo_sapiens_tRNA-Asn-GTT-27	0	0	0	0	1.01014509542488	0	2.15010629296241	0.514337117973041	1
Homo_sapiens_tRNA-Asn-GTT-28	0	0	0	0	0	0	0	0	1
Homo_sapiens_tRNA-Asn-GTT-3	215.663648813601	151.425631227934	212.383114293698	196.009101516145	204.049309275825	148.082897717219	219.310841882166	171.274260285023	1
Homo_sapiens_tRNA-Asn-GTT-4	32.7030942873084	22.1314384102366	29.4068927483582	23.0598942960171	34.3449332444459	29.6165795434438	37.2685090780151	40.1182952018972	1
Homo_sapiens_tRNA-Asn-GTT-5	12.374143784387	13.3953443009327	19.6045951655721	10.2488419093409	18.1826117176478	14.215958180853	17.2008503436993	13.3727650672991	1
Homo_sapiens_tRNA-Asn-GTT-6	449.888513303783	330.224357331688	372.48730814587	408.672571134969	374.76383040263	351.844964976112	451.522321522106	360.550319699102	1
Homo_sapiens_tRNA-Asn-GTT-7	11.4902763712165	12.2305317530255	16.3371626379768	7.68663143200569	13.1318862405234	13.0312949991153	15.767446148391	6.68638253364954	1
Homo_sapiens_tRNA-Asn-GTT-8	4.41933706585249	1.74721882186078	0	2.56221047733523	1.01014509542488	1.18466318173775	2.86680839061655	4.11469694378433	1
Homo_sapiens_tRNA-Asn-GTT-9	148.489725412644	139.195099474909	120.895003521028	156.294839117449	153.542054504582	90.0344018120691	162.691376167489	151.215112684074	1
Homo_sapiens_tRNA-Asp-GTC-1	7467.79577387754	7174.66288883432	8041.15145041216	7526.49327717224	8579.16229544349	7096.13245860913	9057.68111015299	7433.71436606437	1
Homo_sapiens_tRNA-Asp-GTC-10	0	0	0	0	0	0	0	0	1
Homo_sapiens_tRNA-Asp-GTC-2	82688.4481043396	79925.3601934735	84773.5369284614	84939.8395341403	91217.1122619619	90445.4799361321	104996.857306331	88409.4072083861	11
Homo_sapiens_tRNA-Asp-GTC-3	3232.30312996451	2501.43494663068	2770.78278340086	2540.43168827788	2043.52352804453	2574.27309391613	2697.66669557017	2400.41132958018	1
Homo_sapiens_tRNA-Asp-GTC-4	923.64144676317	951.069445366218	800.520969260861	828.875089417947	553.559512292833	401.600818609098	1091.53729472725	818.824691813082	1
Homo_sapiens_tRNA-Asp-GTC-5	577.165420800335	595.219211980573	637.149342881094	711.013407460527	383.855136261454	701.320603588749	571.928273928001	428.957156389517	1
Homo_sapiens_tRNA-Asp-GTC-6	0	0	0	0	0	0	0	0	1
Homo_sapiens_tRNA-Asp-GTC-8	0	0.582406273953594	0	0	0	0	0	0	1
Homo_sapiens_tRNA-Asp-GTC-9	0	0	0	0	0	0	0	0	1
Homo_sapiens_tRNA-Cys-ACA-1	0	0	0	0	0	0	0	0	1
Homo_sapiens_tRNA-Cys-GCA-1	86.6190064907088	57.6582211214058	326.743252759535	129.391629105429	130.308717309809	187.176782714565	151.940844702677	135.784999144883	1
Homo_sapiens_tRNA-Cys-GCA-10	308.469727196504	241.698603690741	326.743252759535	289.529783938881	594.975461205253	607.732212231466	585.54561378343	868.201055138494	1
Homo_sapiens_tRNA-Cys-GCA-11	110.483426646312	81.5368783535031	166.639058907363	97.3639981387388	151.521764313732	361.322270430014	131.873185968361	178.989317054618	1
Homo_sapiens_tRNA-Cys-GCA-12	228.037792597988	151.425631227934	241.790007042056	211.382364380157	282.840626718966	241.671289074501	154.807653093294	218.07893802057	1
Homo_sapiens_tRNA-Cys-GCA-13	528.552713075958	338.960451440992	529.324069470447	474.008938307018	558.610237769958	669.33469768183	635.71476061922	701.041491797256	1
Homo_sapiens_tRNA-Cys-GCA-14	1593.61294594641	1271.39289604069	1705.59977940477	1448.93002493307	1928.36698716609	1788.841404424	1760.93705393622	1886.58854872512	1
Homo_sapiens_tRNA-Cys-GCA-15	52.1481773770594	48.9221270121019	52.2789204415256	35.8709466826932	69.7000115843166	69.8951277225273	74.5370181560303	61.2061170387919	1
Homo_sapiens_tRNA-Cys-GCA-16	26.5160223951149	25.6258760539581	39.2091903311442	25.6221047733523	41.41594891242	37.909221815608	43.7188279569024	40.1182952018972	1
Homo_sapiens_tRNA-Cys-GCA-17	894.473822128544	567.2637108308	1313.50787609333	921.114666602016	842.461009584348	1396.71789126881	1722.95184276055	1911.7910675058	1
Homo_sapiens_tRNA-Cys-GCA-18	7.07093930536398	10.4833129311647	16.3371626379768	5.12442095467046	13.1318862405234	11.8466318173775	15.0507440507369	18.5161362470295	1
Homo_sapiens_tRNA-Cys-GCA-19	1268.34973789966	755.963343591765	950.822865530247	1313.13286963431	1645.52636044713	1126.6146858326	1537.32599946812	1572.32856964359	1
Homo_sapiens_tRNA-Cys-GCA-2	22181.5366009268	13917.762728669	23924.1409670532	20555.3335544219	19543.2771611851	29359.5076330067	31265.4123080641	37456.6006163867	4
Homo_sapiens_tRNA-Cys-GCA-20	0	0.582406273953594	3.26743252759535	0	0	1.18466318173775	0	0	1
Homo_sapiens_tRNA-Cys-GCA-21	396.856468513554	211.413477445155	392.091903311442	312.589678234898	386.885571547728	770.031068129538	490.22423479543	691.783423673741	1
Homo_sapiens_tRNA-Cys-GCA-22	0	0	3.26743252759535	0	0	0	0	0.514337117973041	1
Homo_sapiens_tRNA-Cys-GCA-23	3.53546965268199	1.16481254790719	0	1.28110523866762	2.02029019084976	0	0.716702097654137	2.05734847189217	1
Homo_sapiens_tRNA-Cys-GCA-24	0.883867413170498	0	6.5348650551907	0	0	2.3693263634755	0	0.514337117973041	1
Homo_sapiens_tRNA-Cys-GCA-25	3.53546965268199	2.91203136976797	6.5348650551907	2.56221047733523	11.1115960496737	17.7699477260663	9.31712726950378	21.0878218368947	1
Homo_sapiens_tRNA-Cys-GCA-3	68.0577908141283	51.8341583818698	127.429868576219	80.7096300360598	120.207266355561	100.696370447709	135.456696456632	136.813673380829	1
Homo_sapiens_tRNA-Cys-GCA-4	10465.8740393519	7784.44225766373	8498.59200427551	7664.85264294834	11437.8729154959	9287.75934482397	9718.4804441901	9982.25478562079	1
Homo_sapiens_tRNA-Cys-GCA-5	616.055586979837	376.234452974022	878.939349923149	661.05030315249	477.798630135967	932.32992402761	935.296237438649	1191.20476522556	1
Homo_sapiens_tRNA-Cys-GCA-6	2773.57594252902	1775.17432301055	2251.2610115132	2226.56090480432	3032.45557646548	3280.33235023183	3213.69220588115	3739.23084766401	1
Homo_sapiens_tRNA-Cys-GCA-7	0	0.582406273953594	0	0	0	0	0	0	1
Homo_sapiens_tRNA-Cys-GCA-8	488.778679483285	283.6318554154	807.055834316052	459.916780681674	488.910226185641	946.545882208463	527.492743873445	758.647249010236	1
Homo_sapiens_tRNA-Cys-GCA-9	6836.7144408738	4383.18961777475	6018.61071583064	5408.82631765467	7306.37947520814	7094.94779542739	8051.43136504658	8669.66646055359	4
Homo_sapiens_tRNA-Gln-CTG-1	136288.819641238	151176.361342682	84557.8863816401	140231.060529796	130395.589788016	64652.9931433378	104775.396358156	98674.0330717741	5
Homo_sapiens_tRNA-Gln-CTG-10	0	0	0	0	0	0	0.716702097654137	0	1
Homo_sapiens_tRNA-Gln-CTG-11	0.883867413170498	0	0	0	0	0	0	0.514337117973041	1
Homo_sapiens_tRNA-Gln-CTG-12	0	0	0	0	0	0	0	0	1
Homo_sapiens_tRNA-Gln-CTG-13	0	0	0	0	0	0	0	0	1
Homo_sapiens_tRNA-Gln-CTG-16	0	0	0	0	0	0	0	0	1
Homo_sapiens_tRNA-Gln-CTG-17	0	0	0	2.56221047733523	0	0	0	0	1
Homo_sapiens_tRNA-Gln-CTG-2	32438.8179307704	39342.1262118392	23025.5970219644	35496.8639530023	35107.5927914916	20072.9329513645	29911.5620455954	28408.382037005	1
Homo_sapiens_tRNA-Gln-CTG-3	13727.344793951	18430.2465392615	13148.1484910437	15336.11081209	15381.4793680346	9121.90649938069	12266.3564013506	11686.2536574655	2
Homo_sapiens_tRNA-Gln-CTG-4	7891.1682647862	12126.8634362617	6538.1324877183	10467.9109051531	8986.25076889972	4481.58081651391	7255.17533455283	7422.39894946896	2
Homo_sapiens_tRNA-Gln-CTG-5	592.191166824234	355.267827111692	261.394602207628	435.575781146989	430.321810650998	206.131393622369	349.750623655219	335.862138036396	1
Homo_sapiens_tRNA-Gln-CTG-6	1970.14046395704	1828.17329394033	1280.83355081738	1650.06354740389	1788.96696399746	944.176555844988	1748.03641617844	1396.42527529681	1
Homo_sapiens_tRNA-Gln-CTG-7	217.431383639942	216.655133910737	160.104193852172	245.972205824182	287.89135219609	116.0969918103	167.708290851068	76.1218934600101	1
Homo_sapiens_tRNA-Gln-CTG-8	3.53546965268199	2.91203136976797	3.26743252759535	3.84331571600285	2.02029019084976	3.55398954521325	0.716702097654137	2.57168558986521	3
Homo_sapiens_tRNA-Gln-CTG-9	1.767734826341	8.73609410930391	6.5348650551907	6.40552619333808	1.01014509542488	0	2.15010629296241	2.05734847189217	1
Homo_sapiens_tRNA-Gln-TTG-1	4349.51154021202	3620.23739889554	2342.74912228587	4978.37495746235	5134.56752004466	2782.77381390198	6177.97208177866	6087.69412832892	1
Homo_sapiens_tRNA-Gln-TTG-10	0	0	0	0	0	0	0	0	1
Homo_sapiens_tRNA-Gln-TTG-2	2158.40422296236	2057.05895960409	1908.18059611569	2546.83721447122	3240.54546612301	1929.8163230508	3627.94601832524	3766.49071491658	1
Homo_sapiens_tRNA-Gln-TTG-3	6651.98615152117	5075.08827123162	4332.61553159144	7085.79307507058	8779.17102433762	4679.41956786412	8984.57749619226	7855.47080280226	3
Homo_sapiens_tRNA-Gln-TTG-4	29.1676246346264	26.2082823279117	39.2091903311442	30.7465257280228	29.2942077673215	22.5086004530173	38.7019132733234	27.2598672525712	1
Homo_sapiens_tRNA-Gln-TTG-5	0	0.582406273953594	0	0	0	0	0	0	1
Homo_sapiens_tRNA-Gln-TTG-6	0	0	0	0	1.01014509542488	0	0	0	1
Homo_sapiens_tRNA-Glu-CTC-1	575303.112160785	746502.736077662	404700.925435433	410680.063043962	407979.421430391	373998.166474608	568491.68736975	419883.220954236	7
Homo_sapiens_tRNA-Glu-CTC-16	0	0	0	0	0	0	0	0	1
Homo_sapiens_tRNA-Glu-CTC-2	730.074483278831	853.225191342015	702.497993433	541.907515956401	425.271085173874	678.812003135732	609.913485103671	454.159675170196	1
Homo_sapiens_tRNA-Glu-CTC-3	1278.95614685771	2131.0245563962	1365.78679653486	1201.67671387022	774.781288190882	1139.64598083172	920.245493387912	739.102438527261	1
Homo_sapiens_tRNA-Glu-CTC-5	0	0	0	0	0	0	0	0	1
Homo_sapiens_tRNA-Glu-CTC-7	0	0	3.26743252759535	0	0	0	0	0	1
Homo_sapiens_tRNA-Glu-TTC-1	18609.8283843048	10747.1429732657	10210.7266487355	17025.8886218926	18626.0654145393	16369.6758452522	22695.0886243159	19997.9414839098	2
Homo_sapiens_tRNA-Glu-TTC-10/8/tRX2	0	0	0	1.28110523866762	0	0	0	1.02867423594608	3
Homo_sapiens_tRNA-Glu-TTC-11	0	0	0	0	0	0	0	0	1
Homo_sapiens_tRNA-Glu-TTC-12	0	0	0	0	0	0	1.43340419530827	0	1
Homo_sapiens_tRNA-Glu-TTC-13	0.883867413170498	0	0	0	1.01014509542488	0	0	0	1
Homo_sapiens_tRNA-Glu-TTC-14	210.360444334578	271.983729936328	258.127169680033	202.414627709483	145.460893741182	252.333257710141	297.431370526467	222.193634964354	1
Homo_sapiens_tRNA-Glu-TTC-2	37332.7917974955	24597.92898043	26087.1813003213	24927.7457339945	34930.8173997923	39539.3183536792	54830.5772789321	51532.464523955	2
Homo_sapiens_tRNA-Glu-TTC-3	1110.13747094215	1280.71139642395	2809.991973732	1108.15603144749	1046.51031886017	1754.48617215361	2328.56511527829	1498.77836177344	1
Homo_sapiens_tRNA-Glu-TTC-4	24871.1451392046	22549.6061149352	15337.3282845326	18456.8831734843	18741.2219554178	18263.9522728509	28420.1049803772	20352.8340953112	2
Homo_sapiens_tRNA-Glu-TTC-5	40.6579010058429	35.5267827111692	62.0812180243117	38.4331571600285	55.5579802483683	50.9405168147233	20.0676587343158	26.7455301345982	1
Homo_sapiens_tRNA-Glu-TTC-6	0.883867413170498	1.74721882186078	3.26743252759535	1.28110523866762	2.02029019084976	1.18466318173775	0.716702097654137	0.514337117973041	1
Homo_sapiens_tRNA-Glu-TTC-7	2.65160223951149	1.16481254790719	9.80229758278605	1.28110523866762	2.02029019084976	3.55398954521325	0.716702097654137	1.02867423594608	1
Homo_sapiens_tRNA-Glu-TTC-9	0	0	0	0	0	0	0	0.514337117973041	1
Homo_sapiens_tRNA-Gly-CCC-1	87536.4608655798	89358.0122064259	72821.2687425176	64248.7088244196	70580.8581075271	50660.9363038332	55499.9770381411	54925.5464912231	2
Homo_sapiens_tRNA-Gly-CCC-2	28679.7298225563	34685.7880515802	169070.028707894	30792.6455166148	24633.3982970311	81179.0445285794	82988.3692915679	102759.412799834	2
Homo_sapiens_tRNA-Gly-CCC-3	8.83867413170498	9.3185003832575	9.80229758278605	7.68663143200569	1.01014509542488	4.73865272695101	5.7336167812331	3.08602270783825	1
Homo_sapiens_tRNA-Gly-CCC-4	106.06408958046	73.3831905181528	117.627570993433	66.617472410716	75.7608821568659	65.1564749955763	62.3530824959099	66.3494882185224	1
Homo_sapiens_tRNA-Gly-CCC-5	369.456578705268	495.045332860555	1189.34544004471	320.276309666904	352.540638303282	1086.33613765352	424.287641811249	402.725963372891	1
Homo_sapiens_tRNA-Gly-CCC-6	21.2128179160919	9.90090665721109	26.1394602207628	21.7787890573495	27.2739175764717	36.7245586338703	7.88372307419551	20.0591476009486	1
Homo_sapiens_tRNA-Gly-CCC-7	0	0	0	0	0	0	0	0	1
Homo_sapiens_tRNA-Gly-CCC-8	0	0	0	0	0	0	0	0	1
Homo_sapiens_tRNA-Gly-GCC-1	38623.2382207244	34314.2128487978	178924.605211121	28448.2229298531	41259.3764226292	63172.1641661656	40370.3957566622	45709.6540113822	5
Homo_sapiens_tRNA-Gly-GCC-2	39608.7503864095	42950.7154852557	159025.941118066	35349.5368505555	32993.3591067674	67363.5025031538	55468.4421458443	66940.9759041913	6
Homo_sapiens_tRNA-Gly-GCC-3	345.592158549665	337.213232619131	790.718671678075	308.746362518895	191.927568130727	319.859059069193	252.99584047191	331.747441092612	1
Homo_sapiens_tRNA-Gly-GCC-4	6.18707189219348	5.24165646558234	19.6045951655721	3.84331571600285	5.05072547712439	39.0938849973458	5.01691468357896	8.22939388756866	1
Homo_sapiens_tRNA-Gly-GCC-5	85.7351390775383	104.250723037693	111.092705938242	70.4607881267189	59.5985606300678	119.650981355513	74.5370181560303	66.8638253364954	1
Homo_sapiens_tRNA-Gly-GCC-6	0	0	0	0	0	0	0	0	1
Homo_sapiens_tRNA-Gly-TCC-1/2/3	195268.408254692	265153.851561674	181143.191897359	151384.362737636	194134.73516423	180879.113240447	169502.912903594	191030.463323485	8
Homo_sapiens_tRNA-Gly-TCC-4	2720.54389773879	3825.2444073272	2937.42184230822	2389.2612701151	2166.76122968636	2151.34833803576	2102.08725241958	2093.86640726825	1
Homo_sapiens_tRNA-Gly-TCC-5/6	192.683096071169	312.169762839126	294.068927483582	111.456155764083	148.491329027457	217.978025439746	108.938718843429	116.240188661907	2
Homo_sapiens_tRNA-His-GTG-1	11499.9989127613	14005.706076036	17006.9863061338	11490.2328856098	15341.0735642176	13206.6251500125	8295.82678034664	8126.52646397406	9
Homo_sapiens_tRNA-His-GTG-2	6.18707189219348	3.49443764372156	6.5348650551907	7.68663143200569	3.03043528627463	3.55398954521325	1.43340419530827	3.08602270783825	1
Homo_sapiens_tRNA-Ile-AAT-1	29.1676246346264	27.3730948758189	19.6045951655721	38.4331571600285	35.3550783398707	28.431916361706	43.0021258592482	31.3745641963555	1
Homo_sapiens_tRNA-Ile-AAT-10	0.883867413170498	0	0	0	0	0	0	0	1
Homo_sapiens_tRNA-Ile-AAT-11	0	0	0	0	0	0	0	0	1
Homo_sapiens_tRNA-Ile-AAT-12	892.706087302203	790.325313755027	885.47421497834	1105.59382097015	977.820452371282	800.83231085472	966.831129735431	958.724387901749	1
Homo_sapiens_tRNA-Ile-AAT-2	235.992599316523	180.545944925614	140.4995986866	234.442258676174	205.05945437125	204.946730440631	233.644883835249	265.912289992062	1
Homo_sapiens_tRNA-Ile-AAT-3	412.766081950622	320.323450674477	454.173121335754	449.667938772333	453.55514784577	313.935743160504	359.784453022377	447.987629754519	1
Homo_sapiens_tRNA-Ile-AAT-4	344.708291136494	301.104043634008	297.336360011177	338.211783008251	352.540638303282	324.597711796144	422.137535518287	428.442819271544	1
Homo_sapiens_tRNA-Ile-AAT-6	839.674042511973	681.997746799658	751.509481346931	778.91198510991	812.156656721602	691.843298134847	774.754967564122	860.485998368898	1
Homo_sapiens_tRNA-Ile-AAT-7/5	5238.68215786154	5128.66964843535	3554.96659002374	6067.31441032983	5338.61682932048	4994.53997420636	5971.56187765427	6366.97918338828	7
Homo_sapiens_tRNA-Ile-AAT-8	6149.06559342715	6433.84210836535	4437.17337247449	6393.99624619007	5395.18495466427	5790.63363233413	6512.67196138314	6722.38613190765	1
Homo_sapiens_tRNA-Ile-AAT-9	4.41933706585249	1.16481254790719	0	2.56221047733523	2.02029019084976	4.73865272695101	0	3.60035982581129	1
Homo_sapiens_tRNA-Ile-GAT-1	82.1996694248563	47.1749081902411	176.441356490149	98.6451033774064	76.7710272522908	125.574297264202	139.756909042557	161.501855043535	3
Homo_sapiens_tRNA-Ile-TAT-1	380.062987663314	245.775447608417	280.9991973732	365.11499302027	303.043528627463	238.117299529288	262.312967741414	259.740244576386	1
Homo_sapiens_tRNA-Ile-TAT-2	409.23061229794	428.068611355891	568.533259801591	563.686305013751	476.788485040543	361.322270430014	396.336260002738	452.616663816277	3
Homo_sapiens_tRNA-Ile-TAT-3	72.4771278799808	100.756285393972	101.290408355456	125.548313389426	77.7811723477156	53.3098431781988	51.6025510310979	62.234791274738	1
Homo_sapiens_tRNA-Leu-AAG-1	21130.6182466671	18748.2403648401	55454.8648583483	20021.1126698975	17768.4522285236	27420.214004502	24240.2983468582	26940.4639023099	3
Homo_sapiens_tRNA-Leu-AAG-2	15836.2524417758	11821.1001424361	48854.6511526057	12293.4858702544	20875.6585420505	29072.8191430262	15492.2325428918	18060.4335605054	4
Homo_sapiens_tRNA-Leu-AAG-3	82.1996694248563	61.1526587651273	297.336360011177	83.271840513395	114.146395783011	127.943623627677	93.887974792692	123.44090831353	1
Homo_sapiens_tRNA-Leu-AAG-4	376.527518010632	373.904827878207	1074.98530157887	320.276309666904	249.505838569945	345.921649067423	278.797115987459	328.661418384774	1
Homo_sapiens_tRNA-Leu-AAG-5	0	0	0	0	0	0	0	0	1
Homo_sapiens_tRNA-Leu-AAG-6	6.18707189219348	1.74721882186078	39.2091903311442	7.68663143200569	2.02029019084976	14.215958180853	3.58351048827069	2.05734847189217	1
Homo_sapiens_tRNA-Leu-AAG-7	0	0	0	0	0	0	0	0	1
Homo_sapiens_tRNA-Leu-AAG-8	0	0	0	0	0	0	0.716702097654137	0	1
Homo_sapiens_tRNA-Leu-CAA-1	24296.6313206438	22988.1580392223	31769.2464658096	24375.5893761287	18243.2204233733	27356.2421926882	24003.0699525347	24416.6116644162	2
Homo_sapiens_tRNA-Leu-CAA-2	7233.57090938735	6917.23931574683	9942.79718147265	7963.3501635579	5516.40236611526	8356.6140839781	7554.75681137226	7550.46889184425	1
Homo_sapiens_tRNA-Leu-CAA-3	9041.96363673419	8716.29229598948	13775.495536342	9296.98071701089	6500.28368905909	10383.5727879314	9413.16535058944	9795.0360746786	1
Homo_sapiens_tRNA-Leu-CAA-4	4315.04071109837	4105.38182509888	6191.78463979319	4801.58243452622	3246.60633669556	4788.40858058399	4414.88492154948	4245.33857174948	1
Homo_sapiens_tRNA-Leu-CAA-5	0	2.32962509581437	0	1.28110523866762	0	0	0	1.54301135391912	1
Homo_sapiens_tRNA-Leu-CAA-6	2.65160223951149	0.582406273953594	3.26743252759535	2.56221047733523	3.03043528627463	1.18466318173775	4.30021258592482	0.514337117973041	1
Homo_sapiens_tRNA-Leu-CAG-1	16444.3532220371	12351.6722580078	45891.0898500767	16695.3634703164	25879.9173447854	39977.6437309222	18796.9459151751	21325.9599225162	7
Homo_sapiens_tRNA-Leu-CAG-2	24167.5866783209	20984.098050548	41551.9394534301	25828.3627167778	15012.7764082045	33687.0822358947	28574.9126334704	30496.0763988576	2
Homo_sapiens_tRNA-Leu-TAA-1	13334.0237950901	11695.8827935361	14308.08703834	14148.5262558451	9287.27400733633	13036.0336518422	12005.4768378045	14071.7492106244	1
Homo_sapiens_tRNA-Leu-TAA-2	3341.90268919765	2174.70502694272	4378.35958697777	2997.78625848222	2535.46418951644	3899.91119428068	4298.06247963186	4667.60934560535	1
Homo_sapiens_tRNA-Leu-TAA-3	3796.21053956729	3266.71679060571	3669.32672848958	3971.42623986961	2437.48011526023	3462.77048021945	2886.15934725321	3582.35802668223	1
Homo_sapiens_tRNA-Leu-TAA-4	197.102433137021	157.24969396747	316.940955176749	237.004469153509	245.465258188245	354.214291339588	406.370089369896	364.150679524913	1
Homo_sapiens_tRNA-Leu-TAA-5	0	0	0	0	0	0	0	0	1
Homo_sapiens_tRNA-Leu-TAG-1	10862.7305078654	8558.46019574806	30521.0872402682	9718.46434053253	9006.45367080821	12935.3372813945	11096.698577979	11672.3665552802	1
Homo_sapiens_tRNA-Leu-TAG-2	3447.08291136494	2279.53815625437	9377.53135419866	3042.62494183559	4432.51667872437	6106.93870185811	3119.80423108846	3688.82581010265	1
Homo_sapiens_tRNA-Leu-TAG-3	3617.66932210685	2741.96873777352	12955.3699719156	3379.55561960517	5423.46901733617	7072.43919497438	3731.86782248509	3766.49071491658	1
Homo_sapiens_tRNA-Leu-TAG-4	0	0	0	0	0	0	0	0	1
Homo_sapiens_tRNA-Lys-CTT-1	208071.227734467	273661.060005315	118813.64900095	160281.638620183	156056.305647094	138760.783140125	192950.538730447	156759.152478706	2
Homo_sapiens_tRNA-Lys-CTT-10	0	0	0	0	0	0	0	0	1
Homo_sapiens_tRNA-Lys-CTT-11	23.8644201556034	39.6036266288444	42.4766228587396	23.0598942960171	27.2739175764717	62.7871486321008	22.9344671249324	24.173844544733	1
Homo_sapiens_tRNA-Lys-CTT-12	0.883867413170498	6.98887528744312	3.26743252759535	5.12442095467046	2.02029019084976	1.18466318173775	2.15010629296241	1.54301135391912	1
Homo_sapiens_tRNA-Lys-CTT-13	0	0.582406273953594	0	1.28110523866762	0	0	0	0	1
Homo_sapiens_tRNA-Lys-CTT-14	2.65160223951149	1.74721882186078	6.5348650551907	3.84331571600285	0	0	1.43340419530827	1.02867423594608	1
Homo_sapiens_tRNA-Lys-CTT-15	0	0	0	0	0	0	0	0	1
Homo_sapiens_tRNA-Lys-CTT-16	0	0	0	0	0	0	0	0	1
Homo_sapiens_tRNA-Lys-CTT-2	209993.639358113	299319.550810614	129851.036079167	157388.902991271	153733.982072712	160884.368059077	203937.581887485	159461.994033654	5
Homo_sapiens_tRNA-Lys-CTT-3	254.553814993103	269.07169856656	153.569328796981	184.479154368137	151.521764313732	253.517920891879	213.577225100933	148.129089976236	1
Homo_sapiens_tRNA-Lys-CTT-4	25832.7928847341	40533.1470420743	14840.6785403381	19827.6657788587	17285.6028729105	17059.1498170236	21406.4582527338	19330.3319047808	1
Homo_sapiens_tRNA-Lys-CTT-5	7.07093930536398	21.549032136283	6.5348650551907	2.56221047733523	21.2130470039224	18.954610907804	17.2008503436993	13.3727650672991	1
Homo_sapiens_tRNA-Lys-CTT-6	1939.20510449607	2481.63313331626	2120.56371040938	1374.62592109035	1262.6813692811	1284.17488900372	1382.51834637483	1465.86078622317	1
Homo_sapiens_tRNA-Lys-CTT-7	342.056688896983	656.954277019654	372.48730814587	339.492888246918	175.765246603929	284.31916361706	350.467325752873	289.057460300849	1
Homo_sapiens_tRNA-Lys-CTT-8	187.379891592146	218.984759006551	78.4183806622884	178.073628174799	119.197121260136	159.929529534596	113.955633527008	104.410434948527	1
Homo_sapiens_tRNA-Lys-CTT-9	0	1.74721882186078	0	0	1.01014509542488	0	0	0	1
Homo_sapiens_tRNA-Lys-TTT-1	425.140225735009	483.979613655436	320.208387704344	439.419096862992	422.240649887599	281.949837253585	283.814030671038	280.313729295308	1
Homo_sapiens_tRNA-Lys-TTT-10	0	0	3.26743252759535	0	0	0	0	0.514337117973041	1
Homo_sapiens_tRNA-Lys-TTT-11	0	0	0	0	0	0	0	0	1
Homo_sapiens_tRNA-Lys-TTT-12	0	0	0	0	0	0	0	0	1
Homo_sapiens_tRNA-Lys-TTT-13	0	0	0	0	0	0	0	0	1
Homo_sapiens_tRNA-Lys-TTT-14	0.883867413170498	1.16481254790719	0	1.28110523866762	2.02029019084976	0	0	0	1
Homo_sapiens_tRNA-Lys-TTT-15	0	0	0	0	0	0	0	0	1
Homo_sapiens_tRNA-Lys-TTT-2	739.797024823707	828.764127835964	552.196097163614	711.013407460527	714.172582465389	441.879366788181	580.528699099851	508.165072557365	1
Homo_sapiens_tRNA-Lys-TTT-3	3211.09031204842	3568.40324051367	3208.61874209863	3150.23778188367	3029.42514117921	2080.26854713149	3116.22072060019	2563.45619597764	5
Homo_sapiens_tRNA-Lys-TTT-4	367.688843878927	390.212203548908	300.603792538772	380.488255884282	358.601508875832	246.409941801452	322.515943944362	271.055661171793	1
Homo_sapiens_tRNA-Lys-TTT-5	0	0	0	0	0	0	0.716702097654137	0	1
Homo_sapiens_tRNA-Lys-TTT-6	456.959452609147	382.058515713557	277.731764845605	330.525151576245	341.429042253609	321.043722250931	262.312967741414	224.765320554219	1
Homo_sapiens_tRNA-Lys-TTT-7	29.1676246346264	32.6147513414012	32.6743252759535	34.5898414440256	17.1724666222229	39.0938849973458	20.78436083197	23.1451703087869	1
Homo_sapiens_tRNA-Lys-TTT-8	0	0	0	1.28110523866762	0	1.18466318173775	0.716702097654137	0	1
Homo_sapiens_tRNA-Lys-TTT-9	0.883867413170498	0	0	0	2.02029019084976	1.18466318173775	0	0	1
Homo_sapiens_tRNA-Met-CAT-1	14990.3913273716	20923.5277980568	14896.2248933072	21669.8951120627	18346.2552231066	16590.0231970555	17584.2859659443	21223.0924989216	1
Homo_sapiens_tRNA-Met-CAT-2	5742.48658336872	8909.06877266812	7720.94306270781	9531.42297568706	7231.6287381467	8841.14132530884	8290.09316356541	9361.9642213453	1
Homo_sapiens_tRNA-Met-CAT-3	13949.1955146568	22862.9406903223	16810.9403544781	18713.1042212179	16876.4941092634	20938.9217372148	17902.5016973027	22244.5660152161	2
Homo_sapiens_tRNA-Met-CAT-4	14902.8884534678	22854.7870024869	20901.7658790275	23896.456016867	18585.6596107223	22855.7067652664	21229.4328346132	22688.4389480268	3
Homo_sapiens_tRNA-Met-CAT-5	99.8770176882662	149.678412406074	133.964733631409	176.792522936131	142.430458454908	170.591498170236	172.725205534647	189.276059414079	2
Homo_sapiens_tRNA-Met-CAT-6	13733.5318658432	17540.9121589343	13157.9507886265	19923.7486717588	16718.9114743772	17007.0246370272	19831.14704209	19428.5702943137	1
Homo_sapiens_tRNA-Met-CAT-7	16.7934808502395	24.4610635060509	35.9417578035489	28.1843152506875	19.1927568130727	35.5398954521325	17.2008503436993	20.5734847189217	1
Homo_sapiens_tRNA-Phe-GAA-1	29055.3734731538	24189.0797761146	13242.904034344	28222.7484078476	18629.0958498256	12994.5704404814	15385.4439303414	21494.1481600934	6
Homo_sapiens_tRNA-Phe-GAA-11	2.65160223951149	3.49443764372156	0	2.56221047733523	0	4.73865272695101	0.716702097654137	0	1
Homo_sapiens_tRNA-Phe-GAA-12	0	0	0	0	0	0	0	0	1
Homo_sapiens_tRNA-Phe-GAA-3	3598.2242390171	2724.49654955491	1790.55302512225	3517.91498538127	2606.17434619619	1846.88990032915	1924.34513220136	2588.65871475832	1
Homo_sapiens_tRNA-Phe-GAA-4/2	441.049839172078	283.049449141447	274.464332318009	310.027467757563	212.130470039224	172.960824533712	169.858397144031	207.792195661109	2
Homo_sapiens_tRNA-Phe-GAA-5	2.65160223951149	2.32962509581437	0	1.28110523866762	0	1.18466318173775	2.15010629296241	1.02867423594608	1
Homo_sapiens_tRNA-Phe-GAA-6	0	0	0	0	0	0	0	0.514337117973041	1
Homo_sapiens_tRNA-Phe-GAA-7	0	0	0	2.56221047733523	0	0	0	0	1
Homo_sapiens_tRNA-Phe-GAA-8	0	0	0	0	0	0	0	0	1
Homo_sapiens_tRNA-Phe-GAA-9/tRX2	9.72254154487548	15.1425631227934	19.6045951655721	1.28110523866762	7.07101566797415	4.73865272695101	4.30021258592482	9.77240524148779	4
Homo_sapiens_tRNA-Pro-AGG-1/2	46067.1695744463	60584.8126480226	65315.9762266311	43396.1588546268	39664.3573169533	68109.8403076485	57052.3537816599	61227.2048606288	9
Homo_sapiens_tRNA-Pro-AGG-3	0.883867413170498	2.91203136976797	0	0	0	0	1.43340419530827	0.514337117973041	1
Homo_sapiens_tRNA-Pro-AGG-4	0	0	0	0	0	0	0	0	1
Homo_sapiens_tRNA-Pro-CGG-1	14656.2894451932	21617.7560766095	18467.5286459689	16532.6631050056	12995.5166526411	18879.9771273545	19485.6966310207	19290.7279466969	3
Homo_sapiens_tRNA-Pro-CGG-2	6386.82592757002	9716.2838683678	5397.79853558752	6962.80697215849	6564.93297516628	5804.84959051498	6273.29346076666	6027.0023484081	1
Homo_sapiens_tRNA-Pro-GGG-1	0	0	0	0	0	0	0	0	1
Homo_sapiens_tRNA-Pro-TGG-1	3576.12755368783	4631.87709675293	6698.23668157047	4076.47686944035	3530.45710850995	8649.22588986732	5052.74978846167	5573.35701035588	1
Homo_sapiens_tRNA-Pro-TGG-2	13620.3968369574	17936.9484252228	13579.4495846863	13917.927312885	12858.1369196633	14817.7670771758	15435.6130771772	13992.0269573386	1
Homo_sapiens_tRNA-Pro-TGG-3	152.909062478496	126.38216144793	173.173923962554	108.893945286747	226.272501375173	368.430249520441	175.592013925264	249.967839334898	5
Homo_sapiens_tRNA-Pro-TGG-4	0	0	0	0	0	0	0.716702097654137	0	1
Homo_sapiens_tRNA-Pro-TGG-5	0	0	0	0	0	0	0	0	1
Homo_sapiens_tRNA-SeC-TCA-1	16544.2302397254	16028.4030654769	12328.0229266173	13908.9595762143	9661.02769264353	9572.07850844103	9524.25417572583	8713.89945269927	1
Homo_sapiens_tRNA-SeC-TCA-2	0.883867413170498	0.582406273953594	0	3.84331571600285	0	1.18466318173775	0.716702097654137	0.514337117973041	1
Homo_sapiens_tRNA-SeC-TCA-3	0	0	0	0	0	0	0	0	1
Homo_sapiens_tRNA-Ser-ACT-1	21.2128179160919	25.0434697800045	35.9417578035489	33.308736205358	23.2333371947722	33.170569088657	15.767446148391	19.0304733650025	1
Homo_sapiens_tRNA-Ser-AGA-2/1	149779.287968459	141759.434299127	84077.5738000836	113830.043771334	83956.1893160479	81870.8878267143	104576.869877106	108007.708751631	7
Homo_sapiens_tRNA-Ser-AGA-3	3011.33627667189	3094.32453351544	1924.51775875366	2931.1687860715	2007.15830460923	1722.50026624669	2314.94777542286	2328.91847018193	1
Homo_sapiens_tRNA-Ser-AGA-4	1403.58145211475	1511.92668718353	1476.8795024731	1274.69971247428	820.237817485001	996.301735841449	1337.36611422262	1350.64927179721	1
Homo_sapiens_tRNA-Ser-AGA-5	0	0	3.26743252759535	1.28110523866762	0	1.18466318173775	0	0.514337117973041	1
Homo_sapiens_tRNA-Ser-AGA-6	0	0	0	0	0	0	0	0	1
Homo_sapiens_tRNA-Ser-CGA-1	28016.8292626784	20998.0758011229	19741.8273317311	25374.8514622895	16527.9940513419	16703.7508625023	22934.4671249324	22054.775618684	1
Homo_sapiens_tRNA-Ser-CGA-2	8037.00638795934	5990.04852761271	6074.15706879976	7189.56259940266	5030.52257521589	5155.65416692269	7187.08863527569	6480.13334934235	1
Homo_sapiens_tRNA-Ser-CGA-3	1963.06952465168	1698.29669484868	1679.46031918401	1679.52896789324	1329.35094557914	1575.60203171121	1778.13790427991	1678.28201594603	1
Homo_sapiens_tRNA-Ser-CGA-4	22193.9107447112	19399.3705791203	15912.3964093894	21111.3332280036	16546.1766630595	13058.5422522952	18856.4321892803	15310.7873278215	1
Homo_sapiens_tRNA-Ser-GCT-1	14054.3757368241	14270.118524411	8341.75524295093	10968.8230534721	9289.29429752718	6304.77745320831	11801.216739973	10410.6976048923	1
Homo_sapiens_tRNA-Ser-GCT-2	40841.7454277824	41646.1254315996	28142.3963601788	29201.5128101896	25225.3433229501	22044.2124857761	32142.6556755927	28028.8012439409	1
Homo_sapiens_tRNA-Ser-GCT-3/4	183933.692548194	188141.105144243	98745.0784164591	118058.972164175	124338.759795848	70763.4858347411	145847.443468422	117995.621245549	4
Homo_sapiens_tRNA-Ser-GCT-5	26250.8621711638	28417.3493250177	17294.5203685622	18569.6204344871	19220.0307306492	12851.2261954911	20780.0606193841	17231.3221263328	1
Homo_sapiens_tRNA-Ser-GCT-6	853.815921122701	775.765156906187	2225.12155129243	881.400404203319	1519.25822351902	2024.58937758982	706.668268286979	658.865848123466	1
Homo_sapiens_tRNA-Ser-TGA-1	28690.3362315144	23870.503544262	18719.1209505938	18902.7077965407	15552.1938891614	16258.3175061689	21835.7628092286	20671.7231084545	1
Homo_sapiens_tRNA-Ser-TGA-3/2	31119.2038829069	29656.127469717	18294.3547220064	24698.427896273	18077.5566277236	16687.165577958	22980.3360591823	24118.8104731098	2
Homo_sapiens_tRNA-Ser-TGA-4	13184.6502022643	13863.5989451913	9455.94973486095	11045.6893677922	9201.41167422522	8315.15087261728	11837.7685469534	11409.540287996	1
Homo_sapiens_tRNA-Sup-TTA-1	0.883867413170498	0.582406273953594	3.26743252759535	0	0	0	0	0	1
Homo_sapiens_tRNA-Thr-AGT-1/5	2990.12345875579	2373.88797263485	3336.04861067485	2484.06305777651	2385.96271539356	1519.92286216953	2233.96043838795	2091.29472167839	4
Homo_sapiens_tRNA-Thr-AGT-2	896.241556954885	556.780397899636	624.079612770712	614.930514560455	553.559512292833	537.837084508939	756.120713025115	723.672324988069	2
Homo_sapiens_tRNA-Thr-AGT-3	599.262106129598	439.716736834963	539.126367053233	463.760096397677	440.423261605247	308.012427251815	351.900729948181	361.578993935048	1
Homo_sapiens_tRNA-Thr-AGT-4	463.146524501341	452.529674861942	428.033661114991	493.225516887032	350.520348112433	181.253466805876	330.399667018557	357.464296991264	1
Homo_sapiens_tRNA-Thr-AGT-6	5642.60956568046	3708.76315253648	4084.29065949419	3858.68897886686	3407.21940686811	2289.95393029907	4590.47693547475	4338.94792722058	1
Homo_sapiens_tRNA-Thr-AGT-7	0	0	0	0	0	0	0	0	1
Homo_sapiens_tRNA-Thr-CGT-1	205.057239855555	191.029257856779	258.127169680033	183.198049129469	202.029019084976	107.804349538135	131.156483870707	144.014393032452	1
Homo_sapiens_tRNA-Thr-CGT-2	21257.8951541636	20594.468253273	14556.4119104373	17873.9802898906	19233.1626168897	10990.1203369811	23767.2749624065	21163.4293932367	1
Homo_sapiens_tRNA-Thr-CGT-3	3511.60523252639	2412.32678671579	2640.08548229704	2618.57910783661	2609.20478148246	1748.56285624492	2918.41094164765	2777.42043705442	1
Homo_sapiens_tRNA-Thr-CGT-4	14595.3025936844	12706.9400851195	8142.44185876761	10722.8508476479	12111.6396941443	7083.10116361002	14359.1265265006	12546.2253187164	1
Homo_sapiens_tRNA-Thr-CGT-5	3.53546965268199	7.57128156139672	9.80229758278605	6.40552619333808	4.04058038169951	5.92331590868876	6.45031887888723	2.57168558986521	1
Homo_sapiens_tRNA-Thr-CGT-6	4.41933706585249	4.07684391767516	19.6045951655721	6.40552619333808	4.04058038169951	4.73865272695101	3.58351048827069	3.08602270783825	1
Homo_sapiens_tRNA-Thr-TGT-1	339.405086657471	303.433668729822	303.871225066368	327.96294109891	302.033383532039	140.974918626792	187.05924748773	202.648824481378	1
Homo_sapiens_tRNA-Thr-TGT-2	2222.9265441238	1793.22891750312	2061.74992491267	1997.24306708281	2907.1975846328	2425.00553301718	2782.95424519101	3132.8273855738	1
Homo_sapiens_tRNA-Thr-TGT-3	2686.07306862514	1892.82039034918	2009.47100447114	2135.60243285892	2483.94678964978	2170.30294894356	2462.58840753962	2847.37028509876	1
Homo_sapiens_tRNA-Thr-TGT-4	63.6384537482758	43.6804705465195	49.0114879139303	67.8985776493836	103.034799733338	81.7417595399048	107.505314648121	158.415832335697	1
Homo_sapiens_tRNA-Thr-TGT-5	1330.2204568216	1241.69017606906	1813.42505281542	1146.58918860752	1439.45676098045	1370.65530127058	1080.78676326244	1272.4700298653	1
Homo_sapiens_tRNA-Thr-TGT-6	18.5612156765805	12.8129380269791	29.4068927483582	16.654368102679	35.3550783398707	29.6165795434438	20.0676587343158	34.9749240221668	1
Homo_sapiens_tRNA-Trp-CCA-1	7145.1841680703	12171.7087193562	7930.05874447392	9974.68538826605	9491.32331661216	8164.69864853658	11471.5337750521	9777.54861266752	1
Homo_sapiens_tRNA-Trp-CCA-2	14849.8564086775	22557.7598027706	17072.3349566857	21899.2129497842	23518.198111682	22632.9900870997	30504.991382453	32184.6451571631	1
Homo_sapiens_tRNA-Trp-CCA-3/5	15706.3239320397	24359.1424081091	16003.884520162	22856.1985630689	20477.6613744531	16681.2422620493	23627.5180533639	25400.5385710987	4
Homo_sapiens_tRNA-Trp-CCA-4	13608.9065605862	23427.8747760573	18346.6336424479	20966.5683360342	21346.3861565185	17497.4751942666	26624.7662257535	25356.8199160709	1
Homo_sapiens_tRNA-Tyr-ATA-1	0	0	0	0	0	0	0	0	1
Homo_sapiens_tRNA-Tyr-GTA-1	2625.08621711638	1898.06204681476	1306.97301103814	3886.87329411755	3240.54546612301	818.602258580786	3217.27571636942	2190.56178544718	1
Homo_sapiens_tRNA-Tyr-GTA-10	0	0	0	1.28110523866762	0	0	0	0	1
Homo_sapiens_tRNA-Tyr-GTA-11	0	0	0	0	0	0	0	0	1
Homo_sapiens_tRNA-Tyr-GTA-2	2235.30068790819	1864.86488919941	1702.33234687718	3210.44972810104	2692.0366793073	803.201637218195	2409.55245231321	1861.38602994444	1
Homo_sapiens_tRNA-Tyr-GTA-3	1415.07172848597	877.686254848066	480.312581556517	1755.11417697463	1296.01615743012	310.381753615291	1588.92855049922	1066.22084555811	1
Homo_sapiens_tRNA-Tyr-GTA-4	439.282104345737	304.598481277729	186.243654072935	786.598616541916	487.900081090216	144.528908172006	543.260190021836	426.899807917624	1
Homo_sapiens_tRNA-Tyr-GTA-5	3924.37131447701	2828.7472725926	1692.53004929439	5618.92757679616	4834.55442670347	1255.74297264202	5147.35446535201	3708.8849577036	5
Homo_sapiens_tRNA-Tyr-GTA-6	908.615700739272	666.272777402911	640.416775408689	1315.69508011164	988.932048420956	330.521027704833	1052.83538145393	813.166983515379	1
Homo_sapiens_tRNA-Tyr-GTA-7	47.7288403112069	55.911002299545	55.546352969121	65.3363671720484	65.6594312026171	16.5852845443285	63.7864866912182	72.0071965162258	1
Homo_sapiens_tRNA-Tyr-GTA-8	96.3415480355843	75.1304093400136	88.2206782450745	135.797155298767	125.257991832685	24.8779268164928	178.45882231588	160.987517925562	1
Homo_sapiens_tRNA-Tyr-GTA-9	0	0	0	0	0	0	0	0	1
Homo_sapiens_tRNA-Val-AAC-1/2	135825.673116737	201276.113840718	121453.734483247	142173.216071616	146132.64022964	184326.483099304	103288.239505524	120815.731663396	6
Homo_sapiens_tRNA-Val-AAC-3	7641.91765427212	10529.323026807	7113.20061257508	8951.08230257063	8856.95219668533	10961.6884206194	6091.96783006017	6667.86639740251	1
Homo_sapiens_tRNA-Val-AAC-4	2.65160223951149	3.49443764372156	9.80229758278605	6.40552619333808	4.04058038169951	10.6619686356398	2.15010629296241	3.08602270783825	1
Homo_sapiens_tRNA-Val-AAC-5	1901.19880572974	2784.48439577213	1244.89179301383	1737.17870363329	1343.49297691509	1554.27809443993	919.528791290258	1166.00224644489	1
Homo_sapiens_tRNA-Val-AAC-6	20.3289505029214	16.8897819446542	32.6743252759535	6.40552619333808	10.1014509542488	17.7699477260663	12.1839356601203	11.3154165954069	1
Homo_sapiens_tRNA-Val-AAC-7	0	0	0	0	0	0	0	0	1
Homo_sapiens_tRNA-Val-CAC-1	121795.161800068	190731.065844514	111510.937301774	129679.877784129	137682.776506411	173716.63964366	100860.052798671	122932.743240973	8
Homo_sapiens_tRNA-Val-CAC-10	0	0	0	0	0	0	0	0	1
Homo_sapiens_tRNA-Val-CAC-11	3.53546965268199	4.07684391767516	9.80229758278605	12.8110523866762	9.0913058588239	5.92331590868876	3.58351048827069	2.05734847189217	2
Homo_sapiens_tRNA-Val-CAC-13	0	0	0	0	0	0	0	0	1
Homo_sapiens_tRNA-Val-CAC-14	168.818675915565	298.774418538194	192.778519128126	183.198049129469	323.246430535961	413.447450426475	133.30659016367	136.299336262856	1
Homo_sapiens_tRNA-Val-CAC-2	10560.4478525611	11857.7917376952	10723.7135555679	11250.666205979	17226.0043122804	19731.749955024	8401.1819887018	10864.3429429446	1
Homo_sapiens_tRNA-Val-CAC-3	18136.0754508454	34290.9165978397	18990.3178503842	23916.9537006857	17435.1043470334	21149.7917835641	18715.9585781401	21301.7860779715	1
Homo_sapiens_tRNA-Val-CAC-4	844.977246990996	1305.75486620396	712.300291015787	919.833561363348	1147.52482840266	1592.18731625554	716.702097654137	800.308555566053	1
Homo_sapiens_tRNA-Val-CAC-6	1181.73073140896	2330.78990836228	1012.90408355456	1238.82876579158	524.265304525512	1046.05758947443	756.120713025115	935.579217592962	1
Homo_sapiens_tRNA-Val-CAC-7	549.76553099205	824.104877644335	503.184609249684	522.690937376387	498.001532044465	454.910661787297	994.782511543942	1030.73158441798	1
Homo_sapiens_tRNA-Val-CAC-8/tRX4	96.3415480355843	80.9544720795495	124.162436048623	70.4607881267189	75.7608821568659	79.3724331764293	37.9852111756693	41.6613065558164	2
Homo_sapiens_tRNA-Val-CAC-9	5.30320447902299	6.40646901348953	0	12.8110523866762	13.1318862405234	3.55398954521325	2.86680839061655	11.82975371338	1
Homo_sapiens_tRNA-Val-TAC-1	12648.1426824698	16457.6364893806	11981.6750786922	14714.7747713362	20884.7498479094	22192.2953834933	10916.0896493702	14898.8032963251	2
Homo_sapiens_tRNA-Val-TAC-2	7994.58075212715	10918.370417808	8067.29091063292	8824.25288394254	8134.69845345654	8249.9943976217	5861.18975461553	7916.16258272308	1
Homo_sapiens_tRNA-Val-TAC-3	17138.189141376	26039.9669147391	16242.4070946765	21186.918437085	15543.1025833026	16199.084347082	13897.5703756114	18463.1595238783	1
Homo_sapiens_tRNA-Val-TAC-4	6708.55366596408	8791.4227053295	6681.89951893249	7571.33196052561	5677.01543628782	6783.38137863036	4876.44107243875	5871.15820166227	1
Homo_sapiens_tRNA-iMet-CAT-1	190616.614059176	255555.796166919	151050.138318205	170515.10726666	148960.036351734	178137.802637906	174567.846627716	166075.855033669	8
Homo_sapiens_tRNA-iMet-CAT-2	1271.88520755235	1524.15721893655	1091.32246421685	1146.58918860752	1067.7233658641	1345.77737445409	1162.49080239501	1187.09006828178	1
Homo_sapiens_tRNA-iMet-CAT-3	2.65160223951149	5.24165646558234	0	1.28110523866762	4.04058038169951	4.73865272695101	0	0	1
Homo_sapiens_tRX-Ala-AGC-1	0	0	0	0	0	0	0	0	2
Homo_sapiens_tRX-Ala-AGC-2	0	0	0	0	0	0	0	0	1
Homo_sapiens_tRX-Ala-AGC-5	115.786631125335	99.0090665721109	143.767031214195	139.64047101477	277.789901241842	283.134500435323	142.623717433173	208.306532779082	1
Homo_sapiens_tRX-Ala-AGC-6	14.141878610728	21.549032136283	16.3371626379768	14.0921576253438	22.2231920993473	14.215958180853	14.3340419530827	19.5448104829756	1
Homo_sapiens_tRX-Ala-GGC-3	0	0	0	0	0	0	0	0	1
Homo_sapiens_tRX-Ala-GGC-4	0	0	0	0	0	0	0	0	1
Homo_sapiens_tRX-Arg-ACG-1	0	0	0	0	0	0	0	0	1
Homo_sapiens_tRX-Arg-CCT-2	0	0	0	0	0	0	0	0	1
Homo_sapiens_tRX-Asn-GTT-1	0	0	0	0	0	0	0	0	1
Homo_sapiens_tRX-Asn-GTT-2	0	0	0	0	0	0	0	0	2
Homo_sapiens_tRX-Asp-ATC-1	0	0	0	0	0	0	0	0	1
Homo_sapiens_tRX-Cys-GCA-1	0	0	0	0	0	0	0	0	1
Homo_sapiens_tRX-Cys-GCA-2	0	0	0	0	0	0	0	0	1
Homo_sapiens_tRX-Cys-GCA-3	0	0	0	0	0	0	0.716702097654137	0	1
Homo_sapiens_tRX-Cys-GCA-4	6.18707189219348	6.40646901348953	13.0697301103814	8.96773667067331	2.02029019084976	5.92331590868876	5.7336167812331	5.14337117973041	1
Homo_sapiens_tRX-Gln-CTG-2	0	0	0	0	0	0	0	0	1
Homo_sapiens_tRX-Gln-CTG-3	1.767734826341	1.74721882186078	3.26743252759535	3.84331571600285	1.01014509542488	1.18466318173775	0	1.02867423594608	1
Homo_sapiens_tRX-Gln-TTG-1	0	0	0	0	0	0	0	0	1
Homo_sapiens_tRX-Glu-CTC-1	0	0.582406273953594	0	0	0	0	0	0	1
Homo_sapiens_tRX-Gly-CCC-1	0	0	0	0	0	0	0	0	1
Homo_sapiens_tRX-Gly-CCC-2	0	0	0	0	0	0	0	0	1
Homo_sapiens_tRX-Gly-CCC-3	0	0	0	0	0	0	0	0	1
Homo_sapiens_tRX-Ile-AAT-3	0	0	0	0	0	0	0	0	1
Homo_sapiens_tRX-Ile-AAT-4	0.883867413170498	0	0	0	2.02029019084976	0	0	0	1
Homo_sapiens_tRX-Ile-GAT-1	0	0	0	0	0	0	0	0	2
Homo_sapiens_tRX-Ile-GAT-2	0	0	0	0	0	0	0	0	1
Homo_sapiens_tRX-Leu-CAA-3	0	0	0	0	0	0	0	0	1
Homo_sapiens_tRX-Leu-CAG-1	0.883867413170498	2.91203136976797	0	1.28110523866762	0	0	1.43340419530827	0	1
Homo_sapiens_tRX-Leu-TAA-2	0	0	0	0	0	0	0	0	1
Homo_sapiens_tRX-Lys-CTT-1	1637.80631660493	1995.90630083897	1189.34544004471	1060.75513761679	635.381265022248	458.46465133251	985.465384274439	829.111434172543	1
Homo_sapiens_tRX-Lys-CTT-3	958.99614328999	1574.24415849656	1101.12476179963	564.967410252419	718.213162847088	1272.32825718634	930.996024852724	1215.89294688827	1
Homo_sapiens_tRX-Lys-CTT-4	2.65160223951149	2.32962509581437	3.26743252759535	0	0	0	0.716702097654137	1.02867423594608	1
Homo_sapiens_tRX-Lys-CTT-5	0	0	0	0	0	0	0	0	1
Homo_sapiens_tRX-Lys-CTT-6	0	0	0	0	0	0	0	0	1
Homo_sapiens_tRX-Lys-TTT-2	0	0.582406273953594	0	0	0	0	0	0	1
Homo_sapiens_tRX-Met-CAT-1	0.883867413170498	0	0	0	1.01014509542488	0	0	0	1
Homo_sapiens_tRX-Met-CAT-2	0	0	0	0	0	0	0	0	1
Homo_sapiens_tRX-Pro-GGG-1	0	0	0	0	0	0	0	0	1
Homo_sapiens_tRX-Pro-GGG-2	0	0	0	0	0	0	0	0	1
Homo_sapiens_tRX-Ser-GCT-1	0	0	0	0	0	0	0	0	1
Homo_sapiens_tRX-Ser-GGA-2	0	0	0	0	0	0	0	0	1
Homo_sapiens_tRX-Trp-CCA-1	0	0	0	0	0	0	0	0	1
Homo_sapiens_tRX-Tyr-GTA-1	0	0	0	0	0	0	0	0	1
Homo_sapiens_tRX-Val-AAC-1	0.883867413170498	0.582406273953594	0	0	1.01014509542488	2.3693263634755	0.716702097654137	0	1
Homo_sapiens_tRX-Val-TAC-2	0	0	0	0	0	0	0	0	1
Homo_sapiens_tRX-Val-TAC-3	0	0	0	0	0	0	0	0	1
