Codon,Sample,AA,W_charged,W
AAA,Ctrl_1,Lys,4191.48095744016,5238.41392467197
AAA,Ctrl_2,Lys,4635.32633306653,5354.41310975743
AAA,XS1_1,Lys,3806.42574870287,4874.33963931118
AAA,XS1_2,Lys,4318.99861936539,5224.19449613973
AAA,XS2_1,Lys,3898.81159464603,5072.57735574982
AAA,XS2_2,Lys,2693.86803252748,3481.81803634368
AAA,XS4_1,Lys,3212.51227702164,4411.79342307125
AAA,XS4_2,Lys,3001.67322420217,3823.21688200441
AAC,Ctrl_1,Asn,751.459176331211,1184.15236209007
AAC,Ctrl_2,Asn,626.209658735001,877.233358141704
AAC,XS1_1,Asn,854.929172417537,1227.91297803107
AAC,XS1_2,Asn,809.329245070131,1179.78510570017
AAC,XS2_1,Asn,732.34440615577,1128.17140032799
AAC,XS2_2,Asn,553.545766968549,891.906182166483
AAC,XS4_1,Asn,666.917191546151,1079.3420560115
AAC,XS4_2,Asn,624.133412837767,950.343933337352
AAG,Ctrl_1,Lys,349519.245180836,451515.242426167
AAG,Ctrl_2,Lys,477852.835445593,586113.665159602
AAG,XS1_1,Lys,214483.736650802,280384.227342464
AAG,XS1_2,Lys,283388.563022129,354760.214754948
AAG,XS2_1,Lys,252147.825724273,344346.178574296
AAG,XS2_2,Lys,256383.579886762,328075.144413232
AAG,XS4_1,Lys,289844.213673606,407542.825723428
AAG,XS4_2,Lys,259460.75983349,336639.981031844
AAT,Ctrl_1,Asn,329.890578409401,519.842886957541
AAT,Ctrl_2,Asn,274.906040184665,385.105444224208
AAT,XS1_1,Asn,375.313906691299,539.05379735564
AAT,XS1_2,Asn,355.295538585787,517.925661402375
AAT,XS2_1,Asn,321.499194302383,495.267244743988
AAT,XS2_2,Asn,243.006591699193,391.546813971086
AAT,XS4_1,Asn,292.77664708876,473.831162589048
AAT,XS4_2,Asn,273.99456823578,417.200986735098
ACA,Ctrl_1,Thr,4945.43968951911,6670.54646523634
ACA,Ctrl_2,Thr,3856.37956956816,4978.46006046705
ACA,XS1_1,Thr,4635.40409228583,6506.83908912412
ACA,XS1_2,Thr,4410.73051549745,5890.46527625185
ACA,XS2_1,Thr,5398.25807021271,7547.74619467689
ACA,XS2_2,Thr,4697.54585196166,6344.14595594316
ACA,XS4_1,Thr,4375.61991589175,6387.24640131474
ACA,XS4_2,Thr,5407.37518482004,7554.2593929014
ACC,Ctrl_1,Thr,4797.51005084523,7635.71179637237
ACC,Ctrl_2,Thr,3431.38892597167,5104.97180436983
ACC,XS1_1,Thr,4258.96967800124,6735.74716921264
ACC,XS1_2,Thr,3824.56322500675,5896.4864222149
ACC,XS2_1,Thr,3232.14793545091,5334.19569014558
ACC,XS2_2,Thr,2228.51395876596,3552.83213832756
ACC,XS4_1,Thr,3335.09033889227,5721.25727069266
ACC,XS4_2,Thr,3483.90051085918,5597.95751099321
ACG,Ctrl_1,Thr,30962.0065572385,41763.5138818359
ACG,Ctrl_2,Thr,27359.4049707713,35404.1953087392
ACG,XS1_1,Thr,20933.9060486571,28685.5396577183
ACG,XS1_2,Thr,26182.2700431539,34387.1036837558
ACG,XS2_1,Thr,28085.612159057,37875.9013077624
ACG,XS2_2,Thr,16997.4757754024,22372.1976074358
ACG,XS4_1,Thr,29560.8352112091,41651.2447687595
ACG,XS4_2,Thr,28315.4393914908,38597.7388551598
ACT,Ctrl_1,Thr,6663.20840395171,10605.1552727394
ACT,Ctrl_2,Thr,4765.81795273843,7090.23861718032
ACT,XS1_1,Thr,5915.23566389061,9355.20440168422
ACT,XS1_2,Thr,5311.89336806493,8189.56447529847
ACT,XS2_1,Thr,4489.09435479293,7408.6051252022
ACT,XS2_2,Thr,3095.15827606384,4934.4890810105
ACT,XS4_1,Thr,4632.06991512816,7946.1906537398
ACT,XS4_2,Thr,4838.75070952664,7774.94098749057
AGA,Ctrl_1,Arg,30614.8183421356,36779.5245618378
AGA,Ctrl_2,Arg,26692.3921527311,30541.9759054011
AGA,XS1_1,Arg,25807.2275126159,31572.9668494839
AGA,XS1_2,Arg,47202.6270756151,54597.5383690706
AGA,XS2_1,Arg,39569.8790612818,50210.9667196162
AGA,XS2_2,Arg,33771.8400709074,40306.183037174
AGA,XS4_1,Arg,46351.8151823808,58341.6775320594
AGA,XS4_2,Arg,51352.6384719166,60920.5508693829
AGC,Ctrl_1,Ser,171426.514437561,266280.28856219
AGC,Ctrl_2,Ser,179825.567706063,257234.975503834
AGC,XS1_1,Ser,106913.785739982,160649.686609197
AGC,XS1_2,Ser,124227.915160076,183851.613106599
AGC,XS2_1,Ser,118811.388605416,186409.354175569
AGC,XS2_2,Ser,77048.499544486,116286.196271083
AGC,XS4_1,Ser,133600.288026634,203180.972781444
AGC,XS4_2,Ser,116476.635271975,172154.981300853
AGG,Ctrl_1,Arg,83665.9847223505,109692.122077617
AGG,Ctrl_2,Arg,111749.789363996,136623.568960414
AGG,XS1_1,Arg,81118.7503758689,104649.256675426
AGG,XS1_2,Arg,81017.2901027827,99349.6242149366
AGG,XS2_1,Arg,70513.477385589,94169.2636350652
AGG,XS2_2,Arg,67282.9487663095,84875.2908907158
AGG,XS4_1,Arg,81753.853276925,108077.594056662
AGG,XS4_2,Arg,78598.2544023746,99479.402321263
AGT,Ctrl_1,Ser,75256.2398380895,116897.046678801
AGT,Ctrl_2,Ser,78943.4242229616,112926.154246183
AGT,XS1_1,Ser,46935.151939852,70525.2124214375
AGT,XS1_2,Ser,54536.0547552735,80710.8581537969
AGT,XS2_1,Ser,52158.1995977777,81833.7064830748
AGT,XS2_2,Ser,33824.2913000293,51049.6401630054
AGT,XS4_1,Ser,58650.5264436923,89196.4470510539
AGT,XS4_2,Ser,51133.242884397,75576.0367910745
ATA,Ctrl_1,Ile,615.509690895235,864.308029999288
ATA,Ctrl_2,Ile,596.2399388365,730.505497365121
ATA,XS1_1,Ile,799.189722923718,988.173484347386
ATA,XS1_2,Ile,867.36332166019,1092.56425563638
ATA,XS2_1,Ile,603.894429857562,891.57393643701
ATA,XS2_2,Ile,506.590818469872,667.25024254527
ATA,XS4_1,Ile,487.891057408164,684.501776740768
ATA,XS4_2,Ile,611.506101743908,766.536699229057
ATC,Ctrl_1,Ile,8338.69345331301,10282.7967851701
ATC,Ctrl_2,Ile,8073.76301362181,9442.34248953171
ATC,XS1_1,Ile,6456.96893612307,8061.89318548618
ATC,XS1_2,Ile,9582.92480016588,11581.9901506958
ATC,XS2_1,Ile,7581.28856801842,10224.1686489799
ATC,XS2_2,Ile,7834.50353032358,9790.27771407696
ATC,XS4_1,Ile,7846.73792379366,10717.4117210748
ATC,XS4_2,Ile,9397.50882275851,11597.1420021157
ATG,Ctrl_1,Met,50121.82546385,63518.534513876
ATG,Ctrl_2,Met,75084.771196523,87798.9971913101
ATG,XS1_1,Met,59895.4810684036,76466.4150932442
ATG,XS1_2,Met,80787.2826399649,97202.3622985126
ATG,XS2_1,Met,59527.4442751707,80879.1948419151
ATG,XS2_2,Met,70776.7911239983,88181.4831731402
ATG,XS4_1,Met,60170.3593119684,81768.776180738
ATG,XS4_2,Met,77507.734751551,93971.796054985
ATT,Ctrl_1,Ile,11523.5126247432,14203.4801201979
ATT,Ctrl_2,Ile,11179.812135237,13072.1800614135
ATT,XS1_1,Ile,8816.57621781616,11023.0833485785
ATT,XS1_2,Ile,13234.349001853,15989.1410418984
ATT,XS2_1,Ile,10474.7904469507,14124.5423682231
ATT,XS2_2,Ile,10780.2323612642,13475.9216924899
ATT,XS4_1,Ile,10800.8525460009,14757.628201281
ATT,XS4_2,Ile,12921.4763446503,15955.6427712243
CAA,Ctrl_1,Gln,10118.2470542238,13206.2193924574
CAA,Ctrl_2,Gln,8141.20660381455,10147.3968703042
CAA,XS1_1,Gln,6918.67564599222,8951.55345034252
CAA,XS1_2,Gln,11950.5131375053,15150.2965989295
CAA,XS2_1,Gln,13000.92272865,17836.8511732154
CAA,XS2_2,Gln,7365.88468647908,9604.30681528054
CAA,XS4_1,Gln,13019.3060148197,18107.5826919119
CAA,XS4_2,Gln,13089.5623582522,17516.0932876208
CAC,Ctrl_1,His,5255.36981457852,11521.1475707687
CAC,Ctrl_2,His,6253.39619122407,13188.1069979628
CAC,XS1_1,His,9160.36379763654,17662.2731398005
CAC,XS1_2,His,5313.64259810989,11897.2711501787
CAC,XS2_1,His,7395.20334277184,15926.5088949648
CAC,XS2_2,His,7058.70418914992,13476.4848744424
CAC,XS4_1,His,3365.35611999156,7979.27393515012
CAC,XS4_2,His,3776.05645136545,8028.3998986265
CAG,Ctrl_1,Gln,144681.528008757,197610.992178904
CAG,Ctrl_2,Gln,164224.593871796,213637.332906715
CAG,XS1_1,Gln,99054.7987236749,136768.068155918
CAG,XS1_2,Gln,164467.447501854,215809.579025755
CAG,XS2_1,Gln,143918.454758564,205392.03326062
CAG,XS2_2,Gln,77869.9472422672,104681.795885019
CAG,XS4_1,Gln,105952.893754662,156275.110426284
CAG,XS4_2,Gln,109296.401969489,151768.148386062
CAT,Ctrl_1,His,2307.10734859997,5057.78378356746
CAT,Ctrl_2,His,2745.24092794737,5789.57897210567
CAT,XS1_1,His,4021.39970716244,7753.73790837242
CAT,XS1_2,His,2332.68910057024,5222.90203492845
CAT,XS2_1,His,3246.49426747684,6991.73740488955
CAT,XS2_2,His,3098.77113903681,5916.17685988021
CAT,XS4_1,His,1477.39133667629,3502.9012575309
CAT,XS4_2,His,1657.68878214943,3524.46755549703
CCA,Ctrl_1,Pro,11889.1962162773,17376.6058564965
CCA,Ctrl_2,Pro,14860.9561595864,21370.7220991817
CCA,XS1_1,Pro,15020.8447258483,21237.4638882308
CCA,XS1_2,Pro,12972.7658584332,18736.5614974339
CCA,XS2_1,Pro,11263.8938631802,17249.6218126537
CCA,XS2_2,Pro,17125.1627674663,24322.8729287301
CCA,XS4_1,Pro,12880.3788770924,19878.2003265329
CCA,XS4_2,Pro,13581.861756136,19574.6998717295
CCC,Ctrl_1,Pro,20875.3846103318,33212.1283934509
CCC,Ctrl_2,Pro,26280.952159266,41066.3638113666
CCC,XS1_1,Pro,33367.437138972,48820.734558579
CCC,XS1_2,Pro,20217.5372974517,32330.4598682595
CCC,XS2_1,Pro,17998.774135238,29642.3051187739
CCC,XS2_2,Pro,33013.4801934383,50027.6703719977
CCC,XS4_1,Pro,24047.8900428602,39504.4154992419
CCC,XS4_2,Pro,28280.0059410894,43535.1184440879
CCG,Ctrl_1,Pro,17718.7401043078,26629.515684297
CCG,Ctrl_2,Pro,24937.1440815836,36334.3258383768
CCG,XS1_1,Pro,22026.3222677012,31569.1677817066
CCG,XS1_2,Pro,20732.8927547918,30305.789554729
CCG,XS2_1,Pro,16439.0752315896,25821.4528044438
CCG,XS2_2,Pro,22776.7532637301,32963.547264314
CCG,XS4_1,Pro,19903.2797559473,31131.0645436926
CCG,XS4_2,Pro,21282.3997806411,31264.4970041899
CCT,Ctrl_1,Pro,28993.589736572,46127.9561020152
CCT,Ctrl_2,Pro,36501.3224434251,57036.6164046759
CCT,XS1_1,Pro,46343.6626930166,67806.5757758041
CCT,XS1_2,Pro,28079.9129131273,44903.4164836938
CCT,XS2_1,Pro,24998.2974100528,41169.8682205193
CCT,XS2_2,Pro,45852.0558242199,69482.8755166635
CCT,XS4_1,Pro,33399.8472817502,54867.2437489471
CCT,XS4_2,Pro,39277.7860292908,60465.4422834554
CGA,Ctrl_1,Arg,54460.5664904697,67676.9256383895
CGA,Ctrl_2,Arg,57595.7452122547,68136.7263681292
CGA,XS1_1,Arg,48009.3961159082,60722.0134673882
CGA,XS1_2,Arg,55102.995526778,66669.2903246135
CGA,XS2_1,Arg,49167.7631213011,64800.500343235
CGA,XS2_2,Arg,43401.2554215661,53689.9462875834
CGA,XS4_1,Arg,46560.8736389126,61480.3434404113
CGA,XS4_2,Arg,49334.7169132482,61279.4113036318
CGC,Ctrl_1,Arg,73384.1921783318,93404.4514935862
CGC,Ctrl_2,Arg,79408.0046088359,97380.9294389561
CGC,XS1_1,Arg,62908.0937699812,83185.7448624192
CGC,XS1_2,Arg,57627.6223608016,72765.0094437101
CGC,XS2_1,Arg,58909.2779083272,81923.6131460921
CGC,XS2_2,Arg,49199.8700789546,63332.3001528031
CGC,XS4_1,Arg,60138.8854569285,83567.376344011
CGC,XS4_2,Arg,53767.5718587505,67694.8015362179
CGG,Ctrl_1,Arg,89083.141623499,108200.019300047
CGG,Ctrl_2,Arg,101251.429757071,118426.130524953
CGG,XS1_1,Arg,80919.3827757107,99662.3018127152
CGG,XS1_2,Arg,77337.7737552189,91829.0641746323
CGG,XS2_1,Arg,74081.6106730463,94208.3512092326
CGG,XS2_2,Arg,68224.6049788683,82969.9472449754
CGG,XS4_1,Arg,79437.0891497561,101268.530923797
CGG,XS4_2,Arg,82618.642704573,99814.7198258231
CGT,Ctrl_1,Arg,101922.489136572,129728.404852203
CGT,Ctrl_2,Arg,110288.89529005,135251.290887439
CGT,XS1_1,Arg,87372.3524583073,115535.75675336
CGT,XS1_2,Arg,80038.3643900022,101062.513116264
CGT,XS2_1,Arg,81818.4415393433,113782.796036239
CGT,XS2_2,Arg,68333.1528874369,87961.5279900043
CGT,XS4_1,Arg,83526.2298012895,116065.800477793
CGT,XS4_2,Arg,74677.1831371535,94020.5576891915
CTA,Ctrl_1,Leu,11537.6569419398,17954.5420370152
CTA,Ctrl_2,Leu,8717.75702099712,12786.9502667138
CTA,XS1_1,Leu,42016.8895034891,54880.368419509
CTA,XS1_2,Leu,10506.0407241263,16704.636300864
CTA,XS2_1,Leu,13050.7034317497,19582.4361808906
CTA,XS2_2,Leu,16496.7883802884,26646.9781290292
CTA,XS4_1,Leu,10281.892555113,17264.3700757204
CTA,XS4_2,Leu,12486.0980086523,18894.0348992133
CTC,Ctrl_1,Leu,17670.3513070505,26985.9296149852
CTC,Ctrl_2,Leu,14584.977352124,21015.9672843366
CTC,XS1_1,Leu,59861.8660007709,79021.6952164769
CTC,XS1_2,Leu,15553.9018995247,24380.9882899772
CTC,XS2_1,Leu,19180.1656919336,29153.1232892785
CTC,XS2_2,Leu,25445.2198047491,41853.4589814885
CTC,XS4_1,Leu,16569.5721151064,27772.0914127022
CTC,XS4_2,Leu,21145.7729769965,32320.1863847609
CTG,Ctrl_1,Leu,28058.8732216321,46409.8870261313
CTG,Ctrl_2,Leu,23596.0824082991,35475.558242424
CTG,XS1_1,Leu,77168.5452002316,108335.573548368
CTG,XS1_2,Leu,30244.616273924,49346.4076556861
CTG,XS2_1,Leu,27147.0777374084,48709.9116047783
CTG,XS2_2,Leu,48613.9456616186,83674.9156923756
CTG,XS4_1,Leu,27520.77847139,51081.1103161472
CTG,XS4_2,Leu,34430.977498233,57221.5136158243
CTT,Ctrl_1,Leu,24542.1545931257,37480.4577985906
CTT,Ctrl_2,Leu,20256.9129890612,29188.8434504675
CTT,XS1_1,Leu,83141.4805566263,109752.354467329
CTT,XS1_2,Leu,21602.6415271176,33862.4837360795
CTT,XS2_1,Leu,26639.1190165744,40490.4490128868
CTT,XS2_2,Leu,35340.5830621515,58129.8041409562
CTT,XS4_1,Leu,23013.2946043144,38572.3491843086
CTT,XS4_2,Leu,29369.1291347174,44889.1477566124
GAA,Ctrl_1,Glu,52935.4276712104,82286.1989312765
GAA,Ctrl_2,Glu,42985.7428905577,55999.2879586733
GAA,XS1_1,Glu,36485.2306154744,56867.2957919637
GAA,XS1_2,Glu,43388.6288714283,63908.5614954054
GAA,XS2_1,Glu,42980.1667304446,76342.3940526779
GAA,XS2_2,Glu,52016.3544724134,77772.2854129777
GAA,XS4_1,Glu,56127.6899883476,104432.891651891
GAA,XS4_2,Glu,58489.1897897815,92468.3123336175
GAC,Ctrl_1,Asp,42392.2529529169,95012.739265249
GAC,Ctrl_2,Asp,55292.4971302905,85806.0326557819
GAC,XS1_1,Asp,58091.7742886405,100722.78444656
GAC,XS1_2,Asp,55048.5547383577,99899.9608267147
GAC,XS2_1,Asp,45670.7837207603,106678.251976181
GAC,XS2_2,Asp,55523.988457845,103259.29012261
GAC,XS4_1,Asp,45608.3677097247,113877.479259507
GAC,XS4_2,Asp,45315.8129447802,98252.6611913651
GAG,Ctrl_1,Glu,419058.586153257,604394.410068262
GAG,Ctrl_2,Glu,574150.257381115,723479.110370997
GAG,XS1_1,Glu,298637.275910548,440480.878228074
GAG,XS1_2,Glu,317982.789764624,447198.896428916
GAG,XS2_1,Glu,260047.841745574,449139.964917357
GAG,XS2_2,Glu,267518.151997389,408279.892442701
GAG,XS4_1,Glu,310952.958889513,581594.713596921
GAG,XS4_2,Glu,271048.716036344,445423.997123004
GAT,Ctrl_1,Asp,18610.1990463305,41710.5925374443
GAT,Ctrl_2,Asp,24273.4062401975,37668.8483358883
GAT,XS1_1,Asp,25502.2889127132,44217.3023720398
GAT,XS1_2,Asp,24166.315530139,43856.0828029277
GAT,XS2_1,Asp,20049.4740534138,46831.7526175435
GAT,XS2_2,Asp,24375.0309329939,45330.8283638258
GAT,XS4_1,Asp,20022.0734245691,49992.2133949236
GAT,XS4_2,Asp,19893.6418827585,43132.9182630093
GCA,Ctrl_1,Ala,46700.2711571015,57145.7550193111
GCA,Ctrl_2,Ala,55871.2688089748,64793.6620830408
GCA,XS1_1,Ala,56109.2237948929,69886.3153916664
GCA,XS1_2,Ala,55762.2905727015,66074.4658723412
GCA,XS2_1,Ala,56548.7804649019,73842.9193061438
GCA,XS2_2,Ala,60849.474262742,75044.8906924359
GCA,XS4_1,Ala,51181.2176849002,66776.3418708935
GCA,XS4_2,Ala,70912.5783517036,86750.646077308
GCC,Ctrl_1,Ala,40379.0165023864,52603.1277822022
GCC,Ctrl_2,Ala,45685.4727486922,56055.6063402661
GCC,XS1_1,Ala,58042.7687138805,76352.3073789321
GCC,XS1_2,Ala,52492.9330517584,65888.3204388449
GCC,XS2_1,Ala,49413.2667884926,68783.6456704804
GCC,XS2_2,Ala,54281.3427643136,71709.2570461853
GCC,XS4_1,Ala,44990.9248354356,63115.953441783
GCC,XS4_2,Ala,56944.0093317035,74174.1255854935
GCG,Ctrl_1,Ala,42187.6447210981,52466.3041983612
GCG,Ctrl_2,Ala,52022.3753731387,60743.7387836809
GCG,XS1_1,Ala,49761.1000579036,61999.4293161654
GCG,XS1_2,Ala,55403.2798863255,65799.0809632092
GCG,XS2_1,Ala,56522.9542284351,74835.8029294816
GCG,XS2_2,Ala,58909.586529099,72739.7108228281
GCG,XS4_1,Ala,50404.6812418055,67109.4639102232
GCG,XS4_2,Ala,72064.9407475698,88226.4158699073
GCT,Ctrl_1,Ala,56081.9673644255,73059.899697503
GCT,Ctrl_2,Ala,63452.0454842947,77855.0088059251
GCT,XS1_1,Ala,80614.9565470562,106044.871359628
GCT,XS1_2,Ala,72906.8514607756,91511.5561650623
GCT,XS2_1,Ala,68629.5372062397,95532.8412090006
GCT,XS2_2,Ala,75390.7538393244,99596.190341924
GCT,XS4_1,Ala,62487.3956047717,87661.0464469209
GCT,XS4_2,Ala,79088.9018495882,103019.618868741
GGA,Ctrl_1,Gly,143901.029362546,198439.332421672
GGA,Ctrl_2,Gly,203624.443022121,253507.830273429
GGA,XS1_1,Gly,142273.685258341,191405.175481594
GGA,XS1_2,Gly,123415.000462381,159229.89563101
GGA,XS2_1,Gly,141717.228396755,203906.495744969
GGA,XS2_2,Gly,142253.291869725,186942.568946125
GGA,XS4_1,Gly,116483.7526988,165133.131454494
GGA,XS4_2,Gly,146506.89702064,190834.750671464
GGC,Ctrl_1,Gly,55476.054400612,78771.7975636684
GGC,Ctrl_2,Gly,52930.715978067,73156.8759022274
GGC,XS1_1,Gly,268330.62136926,351793.6761811
GGC,XS1_2,Gly,44696.6817654483,66409.9710397382
GGC,XS2_1,Gly,52832.9734347955,77337.4076762014
GGC,XS2_2,Gly,89322.6922416688,133655.404469046
GGC,XS4_1,Gly,56058.5932801679,92485.6916525917
GGC,XS4_2,Gly,70304.4857675518,111649.920189605
GGG,Ctrl_1,Gly,137244.521451942,180374.12346977
GGG,Ctrl_2,Gly,161467.136635261,198449.177713857
GGG,XS1_1,Gly,250098.251792993,313758.766404355
GGG,XS1_2,Gly,116898.46895003,149726.766372632
GGG,XS2_1,Gly,116147.213698306,164552.228568747
GGG,XS2_2,Gly,151542.118354328,195536.38714754
GGG,XS4_1,Gly,135879.817975467,186504.572843342
GGG,XS4_2,Gly,168470.933634283,217275.015395432
GGT,Ctrl_1,Gly,24353.9878818687,34580.8191304504
GGT,Ctrl_2,Gly,23236.5843143714,32115.8685210778
GGT,XS1_1,Gly,117797.142781105,154437.423843503
GGT,XS1_2,Gly,19621.8432950318,29153.9772864451
GGT,XS2_1,Gly,23193.6753378752,33951.1219698524
GGT,XS2_2,Gly,39212.6618940926,58674.7225619112
GGT,XS4_1,Gly,24609.7224499937,40601.2186354878
GGT,XS4_2,Gly,30863.6692519552,49014.3149632366
GTA,Ctrl_1,Val,36534.0470800185,44561.8744233922
GTA,Ctrl_2,Val,51217.1371807169,58581.5608678049
GTA,XS1_1,Val,36310.3071669758,44625.3907702263
GTA,XS1_2,Val,46180.6945710509,54129.5123152344
GTA,XS2_1,Val,41016.0649564969,52162.7009355135
GTA,XS2_2,Val,45850.7096270448,54521.8363686317
GTA,XS4_1,Val,26900.7339070833,34199.4231030142
GTA,XS4_2,Val,39281.8658724908,46574.9875455369
GTC,Ctrl_1,Val,74143.7149957504,104818.83064809
GTC,Ctrl_2,Val,122299.80002578,145463.274063737
GTC,XS1_1,Val,74187.7189840402,97060.211747226
GTC,XS1_2,Val,91175.633862337,113892.477300567
GTC,XS2_1,Val,83157.451104479,116843.495687709
GTC,XS2_2,Val,115627.811790908,144606.272081304
GTC,XS4_1,Val,53928.3415400937,76382.680120133
GTC,XS4_2,Val,72487.2815962797,91484.7495369768
GTG,Ctrl_1,Val,123357.211639399,167796.690751616
GTG,Ctrl_2,Val,211023.86448151,246302.191607986
GTG,XS1_1,Val,126935.538379035,163538.470610884
GTG,XS1_2,Val,156142.750936057,190952.91198597
GTG,XS2_1,Val,144207.018333789,198261.654494888
GTG,XS2_2,Val,196248.988895939,240032.78893615
GTG,XS4_1,Val,99285.2926478235,136556.950887114
GTG,XS4_2,Val,139814.144918096,170989.476656579
GTT,Ctrl_1,Val,102977.381938542,145581.709233458
GTT,Ctrl_2,Val,169860.833369139,202032.325088523
GTT,XS1_1,Val,103038.498588945,134805.849648925
GTT,XS1_2,Val,126632.824808801,158183.996250788
GTT,XS2_1,Val,115496.459867332,162282.632899596
GTT,XS2_2,Val,160594.183042928,200842.044557367
GTT,XS4_1,Val,74900.4743612412,106087.055722407
GTT,XS4_2,Val,100676.779994833,127062.15213469
TAC,Ctrl_1,Tyr,9593.39829100623,11707.0010805137
TAC,Ctrl_2,Tyr,6767.64450487643,8068.90208235716
TAC,XS1_1,Tyr,5249.17743616187,6387.18270064227
TAC,XS1_2,Tyr,14780.9013943748,17358.7482687008
TAC,XS2_1,Tyr,11218.0147492411,14252.0760638089
TAC,XS2_2,Tyr,2928.75716097559,3779.12009706584
TAC,XS4_1,Tyr,9488.44715763004,13657.1921071953
TAC,XS4_2,Tyr,8065.48350232699,10171.8800689545
TAT,Ctrl_1,Tyr,4211.50184975173,5139.37347434551
TAT,Ctrl_2,Tyr,2970.99593764075,3542.24801415479
TAT,XS1_1,Tyr,2304.38889447506,2803.97320558196
TAT,XS1_2,Tyr,6488.81571213053,7620.49048995965
TAT,XS2_1,Tyr,4924.70847491684,6256.66139201211
TAT,XS2_2,Tyr,1285.72439366828,1659.0337226119
TAT,XS4_1,Tyr,4165.42830219959,5995.50733505874
TAT,XS4_2,Tyr,3540.74725752155,4465.45535027103
TCA,Ctrl_1,Ser,49424.980774533,73104.5447196006
TCA,Ctrl_2,Ser,49181.279936533,63454.1986234666
TCA,XS1_1,Ser,33834.155676434,48250.4585297382
TCA,XS1_2,Ser,41163.4909707104,56557.0602862637
TCA,XS2_1,Ser,29424.7546711918,44465.8809400014
TCA,XS2_2,Ser,29757.3929451903,42101.0421067347
TCA,XS4_1,Ser,36936.2391632075,54493.0587407309
TCA,XS4_2,Ser,39301.4680745927,55511.4201963926
TCC,Ctrl_1,Ser,76502.0316616097,111164.188076803
TCC,Ctrl_2,Ser,77492.4463668466,99206.6713655882
TCC,XS1_1,Ser,45498.8275060051,65389.0118594993
TCC,XS1_2,Ser,64306.666227746,87938.5836004553
TCC,XS2_1,Ser,43585.3841894701,64855.847740134
TCC,XS2_2,Ser,43286.2476333053,62133.2301830221
TCC,XS4_1,Ser,50847.9011897296,74938.594886573
TCC,XS4_2,Ser,56924.1123905489,79414.0507973254
TCG,Ctrl_1,Ser,53561.0588246038,83677.622207568
TCG,Ctrl_2,Ser,47948.8724157879,65568.3687376226
TCG,XS1_1,Ser,40351.9278304012,60500.2900350312
TCG,XS1_2,Ser,52412.0291538952,75372.254991233
TCG,XS2_1,Ser,34600.2261146548,55157.0127328088
TCG,XS2_2,Ser,33506.390976311,50698.7995604539
TCG,XS4_1,Ser,43469.2438595173,66245.3837385882
TCG,XS4_2,Ser,42592.2238780851,62717.3358205026
TCT,Ctrl_1,Ser,106252.821752236,154394.705662227
TCT,Ctrl_2,Ser,107628.397731731,137787.043563317
TCT,XS1_1,Ser,63192.8159805626,90818.0720270824
TCT,XS1_2,Ser,89314.8142052028,122136.921667299
TCT,XS2_1,Ser,60535.2558187085,90077.5663057417
TCT,XS2_2,Ser,60119.7883795908,86296.1530319752
TCT,XS4_1,Ser,70622.0849857356,104081.381786907
TCT,XS4_2,Ser,79061.2672090957,110297.292774063
TGC,Ctrl_1,Cys,37856.3648342017,49009.5705197769
TGC,Ctrl_2,Cys,24049.0232464004,30450.4146736451
TGC,XS1_1,Cys,38483.4667105704,50452.9768929119
TGC,XS1_2,Cys,34144.1154552206,43804.4930537776
TGC,XS2_1,Cys,35864.4249407887,50930.2284116469
TGC,XS2_2,Cys,45205.4438124647,59473.7061390174
TGC,XS4_1,Cys,41506.6700903851,58824.1420526265
TGC,XS4_2,Cys,52554.4130808728,69373.5833325578
TGG,Ctrl_1,Trp,41940.8039456373,51376.990227244
TGG,Ctrl_2,Trp,67653.9044532034,77680.1104051456
TGG,XS1_1,Trp,49576.4331208373,61616.1305136308
TGG,XS1_2,Trp,66709.5668342202,78325.8006073099
TGG,XS2_1,Trp,56008.2724811308,77673.9718207231
TGG,XS2_2,Trp,53231.4630889803,66286.2740914191
TGG,XS4_1,Trp,63624.04012573,88694.2097559638
TGG,XS4_2,Trp,79155.6188434556,91565.2062334177
TGT,Ctrl_1,Cys,16618.9441622145,21515.2014581821
TGT,Ctrl_2,Cys,10557.5212051698,13367.7320417302
TGT,XS1_1,Cys,16894.2418859404,22148.8568559883
TGT,XS1_2,Cys,14989.2666848419,19230.1724506084
TGT,XS2_1,Cys,15744.4825490062,22358.370272713
TGT,XS2_2,Cys,19845.189833672,26108.9569950286
TGT,XS4_1,Cys,18221.428169679,25823.798361103
TGT,XS4_2,Cys,23071.3873425032,30455.0030829929
TTA,Ctrl_1,Leu,12623.1311996294,20696.115835184
TTA,Ctrl_2,Leu,11849.4308220451,16280.9028562612
TTA,XS1_1,Leu,16591.3903478557,23537.2600954629
TTA,XS1_2,Leu,14233.2130069049,22096.4471088945
TTA,XS2_1,Leu,8194.31569918532,15056.2651567936
TTA,XS2_2,Leu,13341.5958124749,21171.2906493123
TTA,XS4_1,Leu,10456.1588735155,18845.0641733501
TTA,XS4_2,Leu,14870.8297465514,22403.4312494445
TTC,Ctrl_1,Phe,25787.4428305609,33152.7260716695
TTC,Ctrl_2,Phe,21627.5850941074,25622.3415787727
TTC,XS1_1,Phe,12451.5170912263,15911.988342386
TTC,XS1_2,Phe,26840.1567803221,33171.8454888101
TTC,XS2_1,Phe,16389.3489362406,22268.8033192994
TTC,XS2_2,Phe,12017.8344801171,15327.9757566633
TTC,XS4_1,Phe,12417.8791876655,16816.6454818803
TTC,XS4_2,Phe,19593.7338220178,23999.3589023285
TTG,Ctrl_1,Leu,31035.6181535469,51570.9858907494
TTG,Ctrl_2,Leu,32839.8669100739,45435.4245515914
TTG,XS1_1,Leu,52034.2499034652,71566.567427428
TTG,XS1_2,Leu,35237.0108194254,55125.2337116291
TTG,XS2_1,Leu,21976.0365097436,39599.4452433714
TTG,XS2_2,Leu,37186.5090663887,58686.6533177787
TTG,XS4_1,Leu,26887.4392259161,49681.0534162638
TTG,XS4_2,Leu,33626.8997365784,52605.7982738786
TTT,Ctrl_1,Phe,11320.6874026163,14554.0467454629
TTT,Ctrl_2,Phe,9494.50985631315,11248.2079530812
TTT,XS1_1,Phe,5466.21600304836,6985.36288230745
TTT,XS1_2,Phe,11782.8288265614,14562.4401695876
TTT,XS2_1,Phe,7194.92418300961,9776.00465717244
TTT,XS2_2,Phe,5275.82933677139,6728.98135717519
TTT,XS4_1,Phe,5451.44896338517,7382.50736654545
TTT,XS4_2,Phe,8601.6491478658,10535.7185581222
