"Codon","condition","AA3","AA","AAname","P_site_total_num","P_site_stalled_num","P_site_stalling_rate","A_site_total_num","A_site_stalled_num","A_site_stalling_rate","charged_tRNA_DESeq2_abundance","tRNA_DESeq2_abundance","tRNA_charging_rate","RSCU","relative_sysnonymous_charged_tRNA_abundance","relative_sysnonymous_tRNA_abundance","TBI","codon_weighted_sum_in_spike","m1A58_level","tRNA_in_RiboSeq_CPM"
"AAA","Ctrl","Lys","K","Lysine",157379,1092,0.006938664,156979,1828,0.01164487,8826.807291,10592.82703,0.833281546,0.688286429,0.021111741,0.020211043,0,0,0.132777302,449.514414025892
"AAA","XS1","Lys","K","Lysine",162194,1148,0.007077944,161963,1939,0.01197187,8125.424368,10098.53414,0.80461424,0.693815741,0.032116446,0.031301493,1.79802895796688e-05,150.6065409,0.128003133,390.406479458525
"AAA","XS2","Lys","K","Lysine",155383,1255,0.008076817,155002,1796,0.011586947,6592.679627,8554.395392,0.77067745,0.68825115,0.025596472,0.025123937,0.003254402,27613.38111,0.164934267,451.456567382465
"AAA","XS4","Lys","K","Lysine",160020,1229,0.00768029,159768,1930,0.012080016,6214.185501,8235.010305,0.754605674,0.691556228,0.022372534,0.021889461,0.01081454,90893.10754,0.169657069,400.683691201365
"AAC","Ctrl","Asn","N","Asparagine",110570,4582,0.041439812,110563,5769,0.052178396,1377.668835,2061.38572,0.668321713,1.175783543,1.389854065,1.389854065,0,0,0.172066275,173.286002789104
"AAC","XS1","Asn","N","Asparagine",112674,4326,0.038393951,112698,6126,0.054357664,1664.258417,2407.698084,0.691223883,1.166447249,1.389854065,1.389854065,2.21417260825591e-05,134.7532208,0.166463253,238.516544957099
"AAC","XS2","Asn","N","Asparagine",109851,4666,0.042475717,109864,6881,0.062631981,1285.890173,2020.077582,0.636554845,1.172776896,1.389854065,1.389854065,0.006814613,41420.07167,0.24625723,211.532723571229
"AAC","XS4","Asn","N","Asparagine",111642,4631,0.041480805,111620,6657,0.059639849,1291.050604,2029.685989,0.636083912,1.169597853,1.389854065,1.389854065,0.069585095,442346.4567,0.219477908,238.943590617739
"AAG","Ctrl","Lys","K","Lysine",197295,4767,0.024161788,197198,8402,0.042606923,827372.0806,1037628.908,0.797367994,1.311713571,1.978888259,1.979788957,0,0,0.150678499,964.776025218918
"AAG","XS1","Lys","K","Lysine",201367,5280,0.026220781,201319,8627,0.042852388,497872.2997,635144.4421,0.78387256,1.306184259,1.967883554,1.968698507,7.22281135484121e-06,99.08325062,0.166284055,824.055020140754
"AAG","XS2","Lys","K","Lysine",196279,5301,0.027007474,196184,8945,0.045594952,508531.4056,672421.323,0.756269006,1.31174885,1.974403528,1.974876063,0.002529454,34516.72639,0.265033874,860.800626622908
"AAG","XS4","Lys","K","Lysine",199601,5393,0.027018903,199526,8702,0.043613364,549304.9735,744182.8068,0.738131772,1.308443772,1.977627466,1.978110539,0.02122795,290857.9441,0.215117742,891.455300003423
"AAT","Ctrl","Asn","N","Asparagine",105623,7627,0.072209651,105545,5439,0.051532522,604.7966186,904.9483312,0.668321713,0.824216457,0.610145935,0.610145935,0,0,0.172066275,76.0725552244167
"AAT","XS1","Asn","N","Asparagine",108795,7240,0.066547176,108744,5472,0.050320018,730.6094453,1056.979459,0.691223883,0.833552751,0.610145935,0.610145935,4.10486082669036e-05,202.1298313,0.166463253,104.708763236166
"AAT","XS2","Asn","N","Asparagine",104115,7938,0.076242616,104014,5963,0.057328821,564.505786,886.8140587,0.636554845,0.827223104,0.610145935,0.610145935,0.008433626,42406.26385,0.24625723,92.8628656477693
"AAT","XS4","Asn","N","Asparagine",107256,7499,0.069916834,107192,5854,0.054612284,566.7712153,891.0321493,0.636083912,0.830402147,0.610145935,0.610145935,0.014686222,72714.48603,0.219477908,104.896236281188
"ACA","Ctrl","Thr","T","Threonine",91787,3194,0.034797956,91997,2793,0.030359686,8801.819259,11649.00653,0.7555854,0.966803533,0.405701867,0.390733205,0,0,0.07502211,92.0132471607222
"ACA","XS1","Thr","T","Threonine",94028,2748,0.029225337,94169,3045,0.032335482,9046.134608,12397.30437,0.729685611,0.977083937,0.479437038,0.469386171,3.69211326952891e-05,150.6065409,0.070381326,71.4955327368511
"ACA","XS2","Thr","T","Threonine",90785,2841,0.031293716,91006,3383,0.037173373,10095.80392,13891.89215,0.726740736,0.971583231,0.591922642,0.582651806,0.004300355,17751.45929,0.124138887,72.1600844409329
"ACA","XS4","Thr","T","Threonine",92887,3052,0.032857127,93026,3348,0.035989938,9782.995101,13941.50579,0.70171725,0.974780507,0.466139472,0.459998669,0.010426687,42416.78352,0.125023879,68.8995287471671
"ACC","Ctrl","Thr","T","Threonine",105205,2637,0.025065349,105412,3463,0.032852047,8228.898977,12740.6836,0.645875781,1.59549476,0.379294277,0.427350446,0,0,0.121023811,146.762619158204
"ACC","XS1","Thr","T","Threonine",107074,2657,0.024814614,107229,4069,0.037946824,8083.532903,12632.23359,0.639913191,1.580549072,0.428420009,0.478281051,6.73031787434185e-06,39.63330025,0.183473584,166.112489494676
"ACC","XS2","Thr","T","Threonine",104768,2469,0.023566356,105018,4317,0.041107239,5460.661894,8887.027828,0.614453111,1.588202633,0.320161667,0.372738483,0.006577835,38461.49512,0.267294782,157.380786312896
"ACC","XS4","Thr","T","Threonine",106286,2752,0.025892404,106461,4257,0.039986474,6818.99085,11319.21478,0.602426138,1.583492008,0.324910803,0.373476425,0.072911923,448405.9972,0.203642779,190.915701475205
"ACG","Ctrl","Thr","T","Threonine",35455,1604,0.045240446,35489,1142,0.032178985,58321.41153,77167.70919,0.75577482,0.487084405,2.688206248,2.588374062,0,0,0.077594721,85.741813670594
"ACG","XS1","Thr","T","Threonine",36069,1569,0.043499958,36090,1249,0.034607925,47116.17609,63072.64334,0.747014452,0.48968304,2.497115163,2.38805354,6.60886873792729e-06,11.88999007,0.088425106,85.8557912303858
"ACG","XS2","Thr","T","Threonine",35376,1551,0.043843284,35430,1371,0.03869602,45083.08793,60248.09892,0.748290631,0.490528905,2.64324671,2.526917373,0.011567819,20710.03583,0.14164488,86.6222121114593
"ACG","XS4","Thr","T","Threonine",35807,1610,0.044963275,35853,1277,0.035617661,57876.2746,80248.98362,0.721208818,0.490193123,2.75768472,2.64780765,0.013796261,24238.16201,0.122192584,92.9756787644866
"ACT","Ctrl","Thr","T","Threonine",80638,3437,0.042622585,80776,2534,0.031370704,11429.02636,17695.39389,0.645875781,0.950617301,0.526797608,0.593542287,0,0,0.121023811,203.836971053061
"ACT","XS1","Thr","T","Threonine",82967,3366,0.040570347,83087,2926,0.035216099,11227.12903,17544.76888,0.639913191,0.952683951,0.59502779,0.664279238,4.31604731095713e-05,170.4231911,0.183473584,230.711790964828
"ACT","XS2","Thr","T","Threonine",79786,3306,0.041435841,79965,3098,0.03874195,7584.252631,12343.09421,0.614453111,0.949685231,0.444668982,0.517692338,0.003958093,15779.07492,0.267294782,218.584425434578
"ACT","XS4","Thr","T","Threonine",81922,3537,0.043175215,82041,2955,0.036018576,9470.820625,15721.13164,0.602426138,0.951534362,0.451265005,0.518717256,0.013813845,54535.86452,0.203642779,265.16069649334
"AGA","Ctrl","Arg","R","Arginine",71713,1369,0.019089984,71861,1099,0.015293414,57307.21049,67321.50047,0.85124678,0.963767134,0.373694971,0.35687753,0,0,0.190668398,2358.08659729008
"AGA","XS1","Arg","R","Arginine",73847,1495,0.02024456,73908,1231,0.016655842,73009.85459,86170.50522,0.84727198,0.958246768,0.558419906,0.526714,2.03799964068939e-05,71.33994044,0.213192047,4029.81833986196
"AGA","XS2","Arg","R","Arginine",70997,1421,0.02001493,71094,1246,0.017526092,73341.71913,90517.14976,0.810252193,0.950124922,0.624828176,0.595356971,0.001391212,4930.960913,0.302967462,3467.63857818831
"AGA","XS4","Arg","R","Arginine",72908,1523,0.02088934,73010,1295,0.017737296,97704.45365,119262.2284,0.819240551,0.95636214,0.743831387,0.707080788,0,0,0.210004949,3439.5248963909
"AGC","Ctrl","Ser","S","Serine",118591,1587,0.013382128,118814,1739,0.014636322,351252.0821,523515.2641,0.670949075,1.473946128,1.963319193,2.037426299,0,0,0.136336512,281.384056937432
"AGC","XS1","Ser","S","Serine",120985,1622,0.013406621,121111,1844,0.015225702,231141.7009,344501.2997,0.670945802,1.472039421,1.818372478,1.874496921,4.08364083858995e-06,19.81665012,0.144022059,304.877400070577
"AGC","XS2","Ser","S","Serine",118038,1619,0.013715922,118284,1900,0.016063035,195859.8881,302695.5504,0.647052419,1.478259594,1.905691116,1.950013598,0.009337882,45364.8404,0.272349142,304.065774971117
"AGC","XS4","Ser","S","Serine",119911,1636,0.013643452,120081,1942,0.016172417,250076.9233,375335.9541,0.666274895,1.474465942,1.924618037,1.962016096,0.087232671,448405.9972,0.182955089,318.349394920639
"AGG","Ctrl","Arg","R","Arginine",66905,2361,0.035288842,67104,2412,0.035944206,195415.7741,246315.691,0.793354955,1.035594455,1.274288023,1.305742369,0,0,0.178763238,2647.01231439815
"AGG","XS1","Arg","R","Arginine",68477,2567,0.037487039,68625,2564,0.037362477,162136.0405,203998.8809,0.794788872,1.035411579,1.240106463,1.246935553,1.24908404410732e-05,39.63330025,0.178056171,3830.78579788607
"AGG","XS2","Arg","R","Arginine",66525,2445,0.0367531,66732,2663,0.039905892,137796.4262,179044.5545,0.769620872,1.033695643,1.173944252,1.177626825,0.000623763,1972.384365,0.241454892,3192.39778808283
"AGG","XS4","Arg","R","Arginine",67708,2609,0.038533113,67941,2614,0.038474559,160352.1077,207556.9964,0.772569032,1.03346863,1.22077271,1.230561986,0.001950974,6059.540503,0.227743146,3316.08878717746
"AGT","Ctrl","Ser","S","Serine",80102,2159,0.026953135,80268,1342,0.016718991,154199.6641,229823.2009,0.670949075,0.820204364,0.861897126,0.894430145,0,0,0.136336512,123.527600995533
"AGT","XS1","Ser","S","Serine",82334,2021,0.02454636,82428,1363,0.016535643,101471.2067,151236.0706,0.670945802,0.82482541,0.798265518,0.822904148,2.25385525517487e-05,71.33994044,0.144022059,133.841178630983
"AGT","XS2","Ser","S","Serine",79210,2161,0.027281909,79356,1367,0.017226171,85982.4909,132883.3466,0.647052419,0.820000518,0.8365984,0.85605597,0.003071924,9861.921825,0.272349142,133.484875212321
"AGT","XS4","Ser","S","Serine",81259,2104,0.025892517,81392,1406,0.017274425,109783.7693,164772.4838,0.666274895,0.823006501,0.844907318,0.861325066,0.015278233,48476.32402,0.182955089,139.755384370161
"ATA","Ctrl","Ile","I","Isoleucine",44392,386,0.00869526,44372,1523,0.034323447,1211.74963,1594.813527,0.759806466,0.30457991,0.090143106,0.098454167,0,0,0.000201191,17.833891726757
"ATA","XS1","Ile","I","Isoleucine",45794,320,0.006987815,45775,1599,0.034931731,1666.553045,2080.73774,0.800943345,0.312061346,0.125754266,0.12807996,4.4151516856407e-05,79.26660049,0.000142829,14.0159945077998
"ATA","XS2","Ile","I","Isoleucine",43654,336,0.007696889,43652,1828,0.041876661,1110.485248,1558.824179,0.712386466,0.307070747,0.088177372,0.095101024,0.009092056,16765.2671,0.000346863,13.3431283742948
"ATA","XS4","Ile","I","Isoleucine",44971,361,0.008027395,44965,1670,0.037139998,1099.397159,1451.038476,0.757662307,0.309842345,0.078405211,0.079904667,0.035928847,66654.94553,0.000320934,13.7226714048364
"ATC","Ctrl","Ile","I","Isoleucine",114902,688,0.005987711,114863,4192,0.036495651,16412.45647,19725.13927,0.832057824,1.657177394,1.220936873,1.21771111,0,0,0.111861196,152.399240651299
"ATC","XS1","Ile","I","Isoleucine",116921,672,0.005747471,116881,4420,0.03781624,16039.89374,19643.88334,0.816533751,1.648073577,1.21033355,1.20918064,7.4943702559751e-06,55.48662035,0.104998322,314.020261229637
"ATC","XS2","Ile","I","Isoleucine",114376,655,0.005726726,114353,4493,0.039290618,15415.7921,20014.44636,0.770233251,1.657333879,1.224081122,1.221044925,0.005241535,38461.49512,0.171611536,270.65155287926
"ATC","XS4","Ile","I","Isoleucine",116010,636,0.005482286,115960,4490,0.038720248,17244.24675,22314.55372,0.772780265,1.651739705,1.229800164,1.228800626,0.049729848,375691.5112,0.14224451,312.586793910793
"ATG","Ctrl","Met","M","Methionine",119533,1296,0.010842194,119585,2200,0.018396956,125206.5967,151317.5317,0.827442764,1,1,1,0,0,0.103823594,124.283535361259
"ATG","XS1","Met","M","Methionine",121986,1370,0.011230797,122064,2265,0.01855584,140682.7637,173668.7774,0.81006365,1,1,1,8.73123149281498e-06,55.48662035,0.090686115,160.939423714232
"ATG","XS2","Met","M","Methionine",118626,1315,0.01108526,118639,2271,0.019142103,130304.2354,169060.678,0.770754246,1,1,1,0.002172155,13806.69056,0.141821748,137.740826416689
"ATG","XS4","Met","M","Methionine",120814,1327,0.010983826,120838,2349,0.019439249,137678.0941,175740.5722,0.783416671,1,1,1,0.013457424,84833.56704,0.153428792,143.126636729239
"ATT","Ctrl","Ile","I","Isoleucine",97513,655,0.006717053,97396,3495,0.035884431,22703.32476,27275.66018,0.832365729,1.038242695,1.688920021,1.683834723,0,0,0.112363779,206.889567613943
"ATT","XS1","Ile","I","Isoleucine",100127,659,0.006581641,100072,3599,0.035964106,22050.92522,27012.22439,0.816331336,1.039865077,1.663912184,1.6627394,3.26793891197863e-05,174.3865211,0.106163666,431.157778674635
"ATT","XS2","Ile","I","Isoleucine",96252,592,0.006150522,96140,3862,0.040170585,21255.02281,27600.46406,0.770096574,1.035595375,1.687741506,1.68385405,0.004022863,21696.22802,0.172946632,371.069190079147
"ATT","XS4","Ile","I","Isoleucine",98740,617,0.006248734,98652,3746,0.037971861,23722.32889,30713.27097,0.772380412,1.038417949,1.691794625,1.691294707,0.005701431,30297.70251,0.143538129,429.373473519162
"CAA","Ctrl","Gln","Q","Glutamine",76471,5696,0.074485753,76504,1193,0.015593956,18259.45366,23353.61626,0.78186836,0.398148164,0.111622096,0.107471293,0,0,0.105882411,1762.090008372
"CAA","XS1","Gln","Q","Glutamine",78739,5233,0.066460077,78777,1245,0.015804105,18869.18878,24101.85005,0.782893792,0.400535318,0.133638535,0.127970066,5.71464028141292e-05,178.3498511,0.11757417,2671.18509158764
"CAA","XS2","Gln","Q","Glutamine",75429,5698,0.075541237,75519,1386,0.018352997,20366.80742,27441.15799,0.74219927,0.395809199,0.168212837,0.162607049,0.009286882,29585.76548,0.193634785,2125.84559161774
"CAA","XS4","Gln","Q","Glutamine",77589,5757,0.074198662,77600,1354,0.017448454,26108.86837,35623.67598,0.732907755,0.398220886,0.216349577,0.20731512,0.030423823,96952.64804,0.180901833,2140.52830643858
"CAC","Ctrl","His","H","Histidine",91701,1863,0.020316027,91882,1923,0.020929018,11508.76601,24709.25457,0.46576743,1.248958818,1.389854065,1.389854065,0,0,0.146726423,1212.67511280906
"CAC","XS1","His","H","Histidine",93630,2347,0.025066752,93737,1879,0.020045446,14474.0064,29559.54429,0.489655938,1.244870432,1.389854065,1.389854065,4.0054621278452e-06,15.8533201,0.144013889,1254.80536932281
"CAC","XS2","His","H","Histidine",91426,2535,0.027727342,91563,1844,0.020139139,14453.90753,29402.99377,0.491579451,1.250840017,1.389854065,1.389854065,0.003258852,12820.49837,0.219494464,1311.24862941254
"CAC","XS4","His","H","Histidine",92886,2407,0.025913485,93031,1850,0.019885845,7141.412571,16007.67383,0.446124318,1.248862374,1.389854065,1.389854065,0.021593818,84833.56704,0.229454056,1460.58803653638
"CAG","Ctrl","Gln","Q","Glutamine",219856,12101,0.055040572,220061,4037,0.018344913,308906.1219,411248.3251,0.751142565,1.601851836,1.888377904,1.892528707,0,0,0.09963754,2448.53633543966
"CAG","XS1","Gln","Q","Glutamine",224419,11209,0.049946751,224529,4106,0.01828717,263522.2462,352577.6472,0.747416203,1.599464682,1.866361465,1.872029934,5.82667752000668e-06,59.44995037,0.103684078,3350.73777542139
"CAG","XS2","Gln","Q","Glutamine",218659,12041,0.05506748,218839,4097,0.018721526,221788.402,310073.8291,0.715276109,1.604190801,1.831787163,1.837392951,0.002911144,29585.76548,0.168359119,2822.91377628307
"CAG","XS4","Gln","Q","Glutamine",222522,11990,0.053882313,222640,4202,0.018873518,215249.2957,308043.2588,0.698763208,1.601779114,1.783650423,1.79268488,0.026138152,266619.7821,0.178458135,2865.61847483975
"CAT","Ctrl","His","H","Histidine",69324,4635,0.066859962,69466,1130,0.016266951,5052.348277,10847.36276,0.46576743,0.751041182,0.610145935,0.610145935,0,0,0.146726423,532.364374523177
"CAT","XS1","His","H","Histidine",71622,5536,0.077294686,71775,1066,0.014851968,6354.088808,12976.63994,0.489655938,0.755129568,0.610145935,0.610145935,1.93698525184687e-05,55.48662035,0.144013889,550.859557132713
"CAT","XS2","His","H","Histidine",68642,6069,0.088415256,68797,1080,0.015698359,6345.265407,12907.91426,0.491579451,0.749159983,0.610145935,0.610145935,0.001700746,4930.960913,0.219494464,575.638148312105
"CAT","XS4","His","H","Histidine",70663,5707,0.080763625,70782,1180,0.016670905,3135.080119,7027.368813,0.446124318,0.751137626,0.610145935,0.610145935,0.008484301,24238.16201,0.229454056,641.198148039469
"CCA","Ctrl","Pro","P","Proline",108763,3489,0.032078924,108971,4144,0.038028466,26750.15238,38747.32796,0.690374118,1.002641075,0.587730445,0.55521032,0,0,0.066043376,301.80433708769
"CCA","XS1","Pro","P","Proline",110950,3537,0.031879225,111078,4018,0.036172779,27993.61058,39974.02539,0.700295012,1.004682969,0.563361176,0.540718981,2.19656587596167e-05,99.08325062,0.082238509,339.611970507548
"CCA","XS2","Pro","P","Proline",107903,3610,0.033455974,108082,4256,0.03937751,28389.05663,41572.49474,0.682880756,1.001007646,0.599344114,0.572071888,0.002171872,9861.921825,0.118513292,313.409469833112
"CCA","XS4","Pro","P","Proline",109892,3637,0.033096131,110043,4054,0.036840144,26462.24063,39452.9002,0.670729921,1.002439648,0.54942677,0.525651997,0.010821205,48476.32402,0.111602817,344.566610247808
"CCC","Ctrl","Pro","P","Proline",120328,2435,0.020236354,120521,3824,0.03172891,47156.33677,74278.4922,0.634858562,1.382276212,1.036076895,1.064336243,0,0,0.06902455,167.374103123816
"CCC","XS1","Pro","P","Proline",122635,2743,0.022367187,122754,3926,0.031982665,53584.97444,81151.19443,0.66031036,1.376724166,1.078378015,1.097712596,2.22107256951589e-06,11.88999007,0.078222088,199.651746595901
"CCC","XS2","Pro","P","Proline",120129,2594,0.021593454,120271,4041,0.033599122,51012.25433,79669.97549,0.64029459,1.382526697,1.076960562,1.096324712,0.004101014,21696.22802,0.117582385,188.480894775269
"CCC","XS4","Pro","P","Proline",121989,2722,0.022313487,122143,3901,0.031937974,52327.89598,83039.53394,0.630156427,1.379961349,1.086466837,1.106379926,0.047094054,254500.7011,0.110206301,199.971273601904
"CCG","Ctrl","Pro","P","Proline",41895,1159,0.027664399,41833,1244,0.029737289,42655.88419,62963.84152,0.677466355,0.479662432,0.937196972,0.902208655,0,0,0.06214864,375.162750729334
"CCG","XS1","Pro","P","Proline",42664,1164,0.027282955,42562,1246,0.02927494,42759.21502,61874.95734,0.691058497,0.486902254,0.860513566,0.836967595,0,0,0.068725371,434.165245170105
"CCG","XS2","Pro","P","Proline",41794,1141,0.027300569,41727,1205,0.028878184,39215.8285,58785.00007,0.667106038,0.487065882,0.827916767,0.808930188,0.003879634,7889.53746,0.109897673,388.322857081801
"CCG","XS4","Pro","P","Proline",42545,1151,0.027053708,42442,1236,0.029122096,41185.67954,62395.56155,0.660073866,0.487566561,0.855124674,0.83132929,0.015061802,30297.70251,0.100585864,410.057001500439
"CCT","Ctrl","Pro","P","Proline",112627,6374,0.05659389,112692,3868,0.034323643,65494.91218,103164.5725,0.634858562,1.135420281,1.438995687,1.478244782,0,0,0.06902455,232.464032116411
"CCT","XS1","Pro","P","Proline",114988,6851,0.05958013,115070,4073,0.035395846,74423.57561,112709.9923,0.66031036,1.131690612,1.497747243,1.524600828,2.27768295302318e-05,114.9365707,0.078222088,277.294092494306
"CCT","XS2","Pro","P","Proline",111477,6750,0.060550607,111595,3991,0.035763251,70850.35323,110652.7437,0.64029459,1.129399774,1.495778558,1.522673211,0.003309767,16765.2671,0.117582385,261.779020521207
"CCT","XS4","Pro","P","Proline",113728,6809,0.05987092,113849,3925,0.034475489,72677.63331,115332.686,0.630156427,1.130032442,1.508981718,1.536638787,0.002446036,12119.08101,0.110206301,277.737880002645
"CGA","Ctrl","Arg","R","Arginine",40581,1825,0.044971785,40582,1904,0.046917353,112056.3117,135813.652,0.82507399,0.705366958,0.730708749,0.719960791,0,0,0.185441117,176.562311883123
"CGA","XS1","Arg","R","Arginine",41381,2053,0.049612141,41380,1995,0.048211696,103112.3916,127391.3038,0.809414682,0.701946335,0.788660824,0.778674594,1.80289072267889e-06,3.963330025,0.175715987,164.985679040257
"CGA","XS2","Arg","R","Arginine",40388,1966,0.048677825,40396,1999,0.049485098,92569.01854,118490.4466,0.781236135,0.701830428,0.788633423,0.77934528,0.003580095,7889.53746,0.231185919,154.670283920829
"CGA","XS4","Arg","R","Arginine",41052,2012,0.04901101,41058,1949,0.047469433,95895.59055,122759.7547,0.781164729,0.701943606,0.730060375,0.72781689,0.0055731,12119.08101,0.228928062,179.443371433053
"CGC","Ctrl","Arg","R","Arginine",62395,1744,0.027950958,62362,1960,0.031429396,152792.1968,190785.3809,0.800859039,1.327831464,0.996343654,1.011371035,0,0,0.373410221,501.111246161046
"CGC","XS1","Arg","R","Arginine",63424,1915,0.030193618,63430,1985,0.03129434,120535.7161,155950.7543,0.772908837,1.324540544,0.921924084,0.953243171,9.38658356846528e-07,3.963330025,0.426786277,583.206538307998
"CGC","XS2","Arg","R","Arginine",62325,1901,0.030501404,62327,1962,0.031479134,108109.148,145255.9133,0.74426676,1.330613324,0.921026157,0.955389347,0.001185718,4930.960913,0.496911089,510.370948116116
"CGC","XS4","Arg","R","Arginine",63115,1897,0.030056247,63091,1939,0.030733385,113906.4573,151262.1779,0.753039913,1.327223423,0.867178465,0.896801791,0.002945271,12119.08101,0.431459497,606.84525204041
"CGG","Ctrl","Arg","R","Arginine",72587,1158,0.01595327,72519,2163,0.029826666,190334.5714,226626.1498,0.83986147,1.334456124,1.241153974,1.201366282,0,0,0.163579385,447.900097530066
"CGG","XS1","Arg","R","Arginine",73906,1352,0.018293508,73783,2282,0.030928534,158257.1565,191491.366,0.826445389,1.354015036,1.210438605,1.170483834,2.16829855825814e-06,7.926660049,0.161266526,476.690378430615
"CGG","XS2","Arg","R","Arginine",72571,1233,0.016990258,72479,2251,0.031057272,142306.2157,177178.2985,0.803180846,1.356953117,1.212364997,1.165351929,0.004907796,17751.45929,0.218481423,471.051753627194
"CGG","XS4","Arg","R","Arginine",73430,1291,0.01758137,73340,2194,0.029915462,162055.7319,201083.2507,0.805913627,1.355039054,1.233742529,1.192180503,0.053461596,199964.8366,0.216455733,526.566286033844
"CGT","Ctrl","Arg","R","Arginine",29019,1991,0.068610221,29060,1254,0.043152099,212211.3844,264979.6957,0.800859039,0.632983865,1.38381063,1.404681993,0,0,0.373410221,695.987841890341
"CGT","XS1","Arg","R","Arginine",29561,2195,0.074253239,29584,1250,0.042252569,167410.7168,216598.2699,0.772908837,0.625839738,1.280450117,1.323948848,1.75228106875715e-05,35.66997022,0.426786277,810.009080983331
"CGT","XS2","Arg","R","Arginine",28789,2245,0.077981173,28818,1199,0.041605941,150151.5944,201744.324,0.74426676,0.626782566,1.279202996,1.326929648,0.001456631,2958.576548,0.496911089,708.848539050161
"CGT","XS4","Arg","R","Arginine",29369,2193,0.074670571,29389,1238,0.042124604,158203.4129,210086.3582,0.753039913,0.625963147,1.204414534,1.245558042,0.009000286,18178.62151,0.431459497,842.840627833903
"CTA","Ctrl","Leu","L","Leucine",43647,356,0.008156345,43676,516,0.011814269,20255.41396,30741.4923,0.658894948,0.370721879,0.512119351,0.51054073,0,0,0.134784413,79.514351241489
"CTA","XS1","Leu","L","Leucine",44681,348,0.007788545,44709,564,0.01261491,52522.93023,71585.00472,0.733714141,0.374164214,0.687785224,0.662200733,1.6875839570177e-05,31.7066402,0.130345152,110.421594156777
"CTA","XS2","Leu","L","Leucine",43273,328,0.007579784,43309,528,0.012191461,29547.49181,46229.41431,0.639149171,0.371301706,0.605870281,0.574570207,0.006207087,11834.30619,0.170133877,85.0847344846389
"CTA","XS4","Leu","L","Leucine",44191,338,0.007648616,44170,566,0.012814127,22767.99056,36158.40497,0.629673532,0.37211508,0.524087124,0.502723564,0.012879192,24238.16201,0.176838383,83.5689717928059
"CTC","Ctrl","Leu","L","Leucine",107579,787,0.007315554,107616,1330,0.012358757,32255.32866,48001.8969,0.671959459,1.17853573,0.815514213,0.797193683,0,0,0.15099633,59.1030917764683
"CTC","XS1","Leu","L","Leucine",109621,832,0.007589787,109641,1408,0.012841911,75415.7679,103402.6835,0.729340529,1.180222772,0.987565823,0.956531792,8.78050203078195e-06,43.59663027,0.143365155,82.3743905400009
"CTC","XS2","Leu","L","Leucine",107210,714,0.006659827,107206,1288,0.012014253,44625.3855,71006.58227,0.628468292,1.186167738,0.915041961,0.88251749,0.002397895,11834.30619,0.185903123,61.3431036672578
"CTC","XS4","Leu","L","Leucine",108890,785,0.00720911,108907,1372,0.012597905,37715.34509,60092.2778,0.627623822,1.182686489,0.868154205,0.835484975,0.007479432,36357.24302,0.191300256,67.3477783505876
"CTG","Ctrl","Leu","L","Leucine",230040,1792,0.00778995,229816,2778,0.012087931,51654.95563,81885.44527,0.630819744,2.647632373,1.305996629,1.359916252,0,0,0.182601907,410.411710950784
"CTG","XS1","Leu","L","Leucine",234360,1819,0.007761563,234202,3231,0.013795783,107413.1615,157681.9812,0.681201242,2.63595918,1.40657014,1.458645201,1.04578583459079e-06,11.88999007,0.157720172,528.933872598268
"CTG","XS2","Leu","L","Leucine",229644,1715,0.007468081,229411,2649,0.011546962,75761.0234,132384.8273,0.572278749,2.648313013,1.553477121,1.645367538,0.003771629,42406.26385,0.188162071,395.505375429762
"CTG","XS4","Leu","L","Leucine",232697,1690,0.007262663,232485,2876,0.012370691,61951.75597,108302.6239,0.572024515,2.642520626,1.4260423,1.505771096,0.042254672,484763.2402,0.215635358,444.678030726222
"CTT","Ctrl","Leu","L","Leucine",83287,763,0.009161094,83152,1336,0.016066962,44799.06758,66669.30125,0.671959459,0.732752265,1.13265863,1.107213449,0,0,0.15099633,82.0876274673171
"CTT","XS1","Leu","L","Leucine",85427,898,0.010511899,85356,1498,0.017550026,104744.1221,143614.8382,0.729340529,0.738778851,1.371619199,1.328516378,3.72715715401254e-05,142.6798809,0.143365155,114.408875750001
"CTT","XS2","Leu","L","Leucine",82346,747,0.009071479,82205,1441,0.017529347,61979.70208,98620.25315,0.628468292,0.732111357,1.270891612,1.225718735,0.002801711,10848.11401,0.185903123,85.1987550934136
"CTT","XS4","Leu","L","Leucine",84381,801,0.009492658,84264,1481,0.017575714,52382.42374,83461.49694,0.627623822,0.735197064,1.205769729,1.160395798,0.007929349,30297.70251,0.191300256,93.5385810424828
"GAA","Ctrl","Glu","E","Glutamic",194907,4864,0.024955492,194788,9776,0.050187897,95921.17056,138285.4869,0.693645969,0.734055701,0.176142737,0.188636411,0,0,0.094249201,329.976243332077
"GAA","XS1","Glu","E","Glutamic",200083,5115,0.025564391,199948,10145,0.050738192,79873.85949,120775.8573,0.661339619,0.73770088,0.229359817,0.239526368,1.35137845555493e-05,126.8265608,0.11435052,343.133365010247
"GAA","XS2","Glu","E","Glutamic",192588,5440,0.028246827,192384,10852,0.056408017,94996.5212,154114.6795,0.61640151,0.731602634,0.305179059,0.304714617,0.002590305,24654.80456,0.14204602,332.642298811016
"GAA","XS4","Glu","E","Glutamic",197485,5429,0.027490695,197396,10532,0.053354678,114616.8798,196901.204,0.582103499,0.735342155,0.329066399,0.321755046,0.005825649,54535.86452,0.131843439,374.420239678459
"GAC","Ctrl","Asp","D","Aspartic",153279,8575,0.055943737,153429,10551,0.068767964,97684.75008,180818.7719,0.540235668,1.104273721,1.389854065,1.389854065,0,0,0.046174643,1645.4183698815
"GAC","XS1","Asp","D","Aspartic",156074,11258,0.07213245,156164,9779,0.062620066,113140.329,200622.7453,0.563945673,1.100751551,1.389854065,1.389854065,7.74397458000572e-06,63.41328039,0.051078146,1493.7202163329
"GAC","XS2","Asp","D","Aspartic",152555,12329,0.080816755,152716,10643,0.069691453,101194.7722,209937.5421,0.48202323,1.104993445,1.389854065,1.389854065,0.004005463,32544.34202,0.063044885,1599.49516733831
"GAC","XS4","Asp","D","Aspartic",154613,11469,0.074178756,154755,10044,0.064902588,90924.18065,212130.1405,0.428624525,1.102578899,1.389854065,1.389854065,0.028946564,236322.0796,0.067090738,1666.50494998271
"GAG","Ctrl","Glu","E","Glutamic",251732,4822,0.019155292,251683,10848,0.043101838,993208.8435,1327873.52,0.747969463,1.265944299,1.823857263,1.811363589,0,0,0.091227707,449.067052995359
"GAG","XS1","Glu","E","Glutamic",257040,5418,0.021078431,256981,10497,0.040847378,616620.0657,887679.7747,0.694642464,1.26229912,1.770640183,1.760473632,4.50436063220585e-06,59.44995037,0.119760991,473.400714676185
"GAG","XS2","Glu","E","Glutamic",250816,5612,0.022374968,250792,10646,0.04244952,527565.9937,857419.8574,0.615294816,1.268397366,1.694820941,1.695285383,0.001659479,21696.22802,0.170140843,465.466516540249
"GAG","XS4","Glu","E","Glutamic",254829,5494,0.021559556,254773,10680,0.04191967,582001.6749,1027018.711,0.56669043,1.264657845,1.670933601,1.678244954,0.017687338,230262.5391,0.153577593,514.132752125694
"GAT","Ctrl","Asp","D","Aspartic",145459,22703,0.156078345,145553,11619,0.079826592,42883.60529,79379.44087,0.540235668,0.895726279,0.610145935,0.610145935,0,0,0.046174643,722.338664377976
"GAT","XS1","Asp","D","Aspartic",148702,27014,0.181665344,148785,11148,0.074926908,49668.60444,88073.38517,0.563945673,0.899248449,0.610145935,0.610145935,2.12056107509992e-05,162.496531,0.051078146,655.743174970143
"GAT","XS2","Asp","D","Aspartic",143819,29666,0.206273163,143911,11842,0.082286969,44424.50499,92162.58098,0.48202323,0.895006555,0.610145935,0.610145935,0.003055098,23668.61238,0.063044885,702.178378461519
"GAT","XS4","Asp","D","Aspartic",146866,27999,0.190643171,146939,11423,0.077739742,39915.71531,93125.13166,0.428624525,0.897421101,0.610145935,0.610145935,0.014200904,109071.729,0.067090738,731.595673042411
"GCA","Ctrl","Ala","A","Alanine",101723,5021,0.049359535,101883,3762,0.036924708,102571.54,121939.4171,0.841168036,0.779507039,1.019648334,0.98592054,0,0,0.103387157,166.02808152508
"GCA","XS1","Ala","A","Alanine",103943,4372,0.042061514,104086,3767,0.036191226,111871.5144,135960.7813,0.822821944,0.785984729,0.930143822,0.901064379,2.15801265157019e-05,107.0099107,0.115733091,170.986951218579
"GCA","XS2","Ala","A","Alanine",100793,4509,0.044735249,101002,4092,0.040514049,117398.2547,148887.81,0.788501454,0.781270851,0.977207834,0.942200807,0.002368515,11834.30619,0.204866929,148.732275733264
"GCA","XS4","Ala","A","Alanine",102772,4381,0.042628342,102915,4033,0.039187679,122093.796,153526.9879,0.795259502,0.78357181,1.000615755,0.964314603,0.004935032,24238.16201,0.162352368,121.684886854264
"GCC","Ctrl","Ala","A","Alanine",166381,3967,0.023842867,166598,6674,0.040060505,86064.48925,108658.7341,0.792062322,1.685716011,0.855554212,0.878541823,0,0,0.110023426,746.738727362987
"GCC","XS1","Ala","A","Alanine",169537,4064,0.023971169,169722,7018,0.041349972,110535.7018,142240.6278,0.777103585,1.679511127,0.91903735,0.942683337,3.82433579208126e-06,35.66997022,0.119934835,930.120547310181
"GCC","XS2","Ala","A","Alanine",166089,3533,0.021271728,166301,7252,0.043607675,103694.6096,140492.9027,0.738077209,1.686114082,0.86314047,0.889075649,0.004598228,42406.26385,0.176003112,824.708317462967
"GCC","XS4","Ala","A","Alanine",168344,3967,0.023564843,168530,6934,0.04114401,101934.9342,137290.079,0.742478516,1.683298441,0.835404455,0.862329352,0.041908613,393870.1327,0.156604059,917.050076412797
"GCG","Ctrl","Ala","A","Alanine",40406,1723,0.042642182,40278,1231,0.03056259,94210.02009,113210.043,0.832170165,0.440009167,0.936527715,0.915340661,0,0,0.094426509,237.831839616276
"GCG","XS1","Ala","A","Alanine",41375,1582,0.03823565,41293,1304,0.031579202,105164.3799,127798.5103,0.822892064,0.443473588,0.874378065,0.846969871,2.81436776954765e-06,7.926660049,0.115614785,223.298966577332
"GCG","XS2","Ala","A","Alanine",40354,1510,0.037418843,40257,1295,0.032168319,115432.5408,147575.5138,0.782193047,0.443017669,0.960845486,0.933896255,0.004248681,11834.30619,0.22322864,214.900401184008
"GCG","XS4","Ala","A","Alanine",41209,1522,0.03693368,41098,1323,0.032191348,122469.622,155335.8798,0.788418118,0.443958071,1.003695825,0.975676389,0.015354081,42416.78352,0.163214554,173.334232047729
"GCT","Ctrl","Ala","A","Alanine",114417,4446,0.038857862,114539,4636,0.040475297,119534.0128,150914.9085,0.792062322,1.094767783,1.188269739,1.220196976,0,0,0.110023426,1037.13712133748
"GCT","XS1","Ala","A","Alanine",116929,4574,0.039117755,117011,4902,0.041893497,153521.808,197556.4275,0.777103585,1.091030557,1.276440764,1.309282413,2.52349395993033e-05,170.4231911,0.119934835,1291.83409348636
"GCT","XS2","Ala","A","Alanine",113469,4106,0.036186095,113560,4881,0.042981684,144020.291,195129.0316,0.738077209,1.089597398,1.198806209,1.23482729,0.002039579,13806.69056,0.176003112,1145.42821869856
"GCT","XS4","Ala","A","Alanine",115673,4318,0.037329368,115782,4861,0.041984074,141576.2975,190680.6653,0.742478516,1.089171678,1.160283965,1.197679656,0.004544657,30297.70251,0.156604059,1273.68066168444
"GGA","Ctrl","Gly","G","Glycine",98354,7297,0.074191187,98451,7991,0.081167281,347525.4724,451947.1627,0.768951552,0.856712681,1.732787528,1.722694724,0,0,0.46084367,445.667018433193
"GGA","XS1","Gly","G","Glycine",100847,7040,0.06980872,100871,8658,0.0858324,265688.6857,350635.0711,0.757735628,0.856829869,0.981187004,0.990553556,1.19485377283688e-05,63.41328039,0.458248803,363.306403298009
"GGA","XS2","Gly","G","Glycine",97544,7463,0.076509063,97678,9000,0.092139479,283970.5203,390849.0647,0.72654778,0.852487241,1.502048735,1.482515636,0.002208857,11834.30619,0.520418373,395.480173263098
"GGA","XS4","Gly","G","Glycine",99672,7039,0.070621639,99752,8707,0.08728647,262990.6497,355967.8821,0.738804434,0.854276573,1.404155993,1.351564688,0.006887017,36357.24302,0.504891584,430.800499836261
"GGC","Ctrl","Gly","G","Glycine",129773,3322,0.025598545,129773,3369,0.025960716,108406.7704,151928.6735,0.713537267,1.490468787,0.540524119,0.579109121,0,0,0.24062882,1394.38017943471
"GGC","XS1","Gly","G","Glycine",132352,3375,0.025500181,132320,3599,0.027199214,313027.3031,418203.6472,0.748504479,1.491901487,1.156008284,1.18143661,7.46094766254409e-06,59.44995037,0.245531236,2380.3000506245
"GGC","XS2","Gly","G","Glycine",129360,3369,0.026043599,129340,3455,0.026712541,142155.6657,210992.8121,0.673746486,1.496353499,0.75192572,0.800309304,0.004748463,37475.30294,0.311692082,2011.18332291581
"GGC","XS4","Gly","G","Glycine",131499,3293,0.025042016,131497,3524,0.02679909,126363.079,204135.6118,0.619015359,1.495127812,0.674675982,0.775076906,0.046398912,375691.5112,0.331926952,2405.23378692487
"GGG","Ctrl","Gly","G","Glycine",93712,2973,0.031724859,93743,3855,0.041123071,298711.6581,378823.3012,0.788525038,0.912198226,1.489398265,1.443967251,0,0,0.298865369,1692.98055625496
"GGG","XS1","Gly","G","Glycine",95853,2711,0.028282892,95876,4480,0.046727022,366996.7207,463485.5328,0.79181915,0.915473767,1.355317076,1.309359161,2.51427922075252e-06,11.88999007,0.293616092,1644.44004972159
"GGG","XS2","Gly","G","Glycine",93375,2704,0.028958501,93468,4455,0.047663371,267689.3321,360088.6157,0.743398487,0.917066642,1.415930154,1.365839275,0.002734653,12820.49837,0.400662577,1740.01631027577
"GGG","XS4","Gly","G","Glycine",95075,2691,0.028303971,95106,4288,0.045086535,304350.7516,403779.5882,0.753754673,0.915089407,1.62498527,1.533099644,0.00396102,18178.62151,0.367360009,1631.12557892527
"GGT","Ctrl","Gly","G","Glycine",65663,3543,0.053957328,65817,1851,0.028123433,47590.5722,66696.68765,0.713537267,0.740620306,0.237290088,0.254228904,0,0,0.24062882,612.132898771837
"GGT","XS1","Gly","G","Glycine",67211,3366,0.050081088,67332,1951,0.028975821,137418.9861,183591.4011,0.748504479,0.735794878,0.507487637,0.518650672,4.13825527764084e-05,174.3865211,0.245531236,1044.95172222415
"GGT","XS2","Gly","G","Glycine",65170,3560,0.054626362,65360,1846,0.028243574,62406.33723,92625.84453,0.673746486,0.734092619,0.330095391,0.351335785,0.003501967,14792.88274,0.311692082,882.909478760038
"GGT","XS4","Gly","G","Glycine",66502,3312,0.049803013,66676,1948,0.02921591,55473.3917,89615.5336,0.619015359,0.735506208,0.296182756,0.340258762,0.010121352,42416.78352,0.331926952,1055.89763246002
"GTA","Ctrl","Val","V","Valine",46091,446,0.00967651,46131,816,0.017688756,87751.18426,103143.4353,0.850768486,0.409282125,0.393761755,0.36997535,0,0,0.211535774,615.05594449909
"GTA","XS1","Val","V","Valine",47302,401,0.008477443,47342,819,0.017299649,82491.00174,98754.90309,0.835310442,0.411209312,0.433818414,0.41268724,2.51180681174886e-05,59.44995037,0.214676823,637.409671971854
"GTA","XS2","Val","V","Valine",45511,399,0.008767111,45551,936,0.020548396,86866.77458,106684.5373,0.814239596,0.407473378,0.385133677,0.364872728,0.002467179,5917.153095,0.281288777,636.943439706644
"GTA","XS4","Val","V","Valine",46616,432,0.009267204,46672,949,0.02033339,66182.59978,80774.41065,0.81935107,0.410463164,0.435931722,0.409327636,0.010201014,24238.16201,0.253219123,610.714071786082
"GTC","Ctrl","Val","V","Valine",80179,1568,0.019556243,80120,1849,0.023077883,196443.515,250282.1047,0.784888377,0.956784692,0.881491729,0.897761541,0,0,0.297622546,4775.41776185695
"GTC","XS1","Val","V","Valine",81691,1436,0.017578436,81652,2104,0.025767893,165363.3528,210952.689,0.783888338,0.958277594,0.869642337,0.881550994,1.73855695607894e-05,75.30327047,0.269231833,5439.08694993994
"GTC","XS2","Val","V","Valine",79824,1402,0.01756364,79762,2136,0.02677967,198785.2629,261449.7678,0.760319141,0.962554742,0.881336963,0.89418666,0.003427832,14792.88274,0.319769274,5232.40984849379
"GTC","XS4","Val","V","Valine",81018,1444,0.0178232,80993,2131,0.026310916,126415.6231,167867.4297,0.7530682,0.959838083,0.832674758,0.850675078,0.014149178,60595.40503,0.3084877,4757.47921927036
"GTG","Ctrl","Val","V","Valine",164014,2529,0.015419415,163869,2463,0.015030299,334381.0761,414098.8824,0.807490893,1.962525148,1.500452448,1.48537208,0,0,0.268749846,3402.63292749621
"GTG","XS1","Val","V","Valine",167121,2576,0.015413981,166991,2765,0.016557779,283078.2893,354491.3826,0.798547731,1.95942892,1.48870267,1.481385386,4.8006703646452e-06,43.59663027,0.25085971,3930.84163632868
"GTG","XS2","Val","V","Valine",163229,2247,0.013765936,163103,2781,0.017050575,340456.0072,438294.4434,0.776774637,1.96378691,1.509450244,1.499014696,0.00590424,53254.37786,0.320383099,3716.26968713037
"GTG","XS4","Val","V","Valine",165654,2388,0.014415589,165523,2777,0.016777125,239099.4376,307546.4275,0.777441765,1.960534267,1.574900802,1.558504123,0.048497705,448405.9972,0.285215897,3488.50625235663
"GTT","Ctrl","Val","V","Valine",70088,1782,0.02542518,69979,1439,0.020563312,272838.2153,347614.0343,0.784888377,0.671408035,1.224294068,1.246891029,0,0,0.297622546,6632.52466924577
"GTT","XS1","Val","V","Valine",71861,1727,0.024032507,71826,1622,0.022582352,229671.3234,292989.8459,0.783888338,0.671084174,1.207836579,1.22437638,5.18008239491017e-05,190.2398412,0.269231833,7554.28743047213
"GTT","XS2","Val","V","Valine",69126,1761,0.025475219,69013,1677,0.02429977,276090.6429,363124.6775,0.760319141,0.66618497,1.224079116,1.241925916,0.004764493,17751.45929,0.319769274,7267.23590068583
"GTT","XS4","Val","V","Valine",70894,1784,0.02516433,70825,1661,0.023452171,175577.2544,233149.2079,0.7530682,0.669164486,1.156492719,1.181493164,0.00824942,30297.70251,0.3084877,6607.61002676439
"TAC","Ctrl","Tyr","Y","Tyrosine",85134,1400,0.016444664,85157,1990,0.023368602,16361.0428,19775.90316,0.827322154,1.184475811,1.389854065,1.389854065,0,0,0.035090068,254.777513923974
"TAC","XS1","Tyr","Y","Tyrosine",86649,1244,0.014356773,86674,1977,0.022809608,20030.07883,23745.93097,0.843516258,1.178888839,1.389854065,1.389854065,1.00853353291752e-05,47.5599603,0.049112254,218.688631701785
"TAC","XS2","Tyr","Y","Tyrosine",84701,1376,0.016245381,84693,1924,0.022717344,14146.77191,18031.19616,0.784572015,1.183559544,1.389854065,1.389854065,0.005873655,27613.38111,0.085141917,244.304612931712
"TAC","XS4","Tyr","Y","Tyrosine",85995,1322,0.015372987,86015,2089,0.024286462,17553.93066,23829.07218,0.736660267,1.181128474,1.389854065,1.389854065,0.059629298,290857.9441,0.0420259,264.926153605517
"TAT","Ctrl","Tyr","Y","Tyrosine",72637,3166,0.043586602,72589,1196,0.016476326,7182.497787,8681.621489,0.827322154,0.815524189,0.610145935,0.610145935,0,0,0.035090068,111.847328612625
"TAT","XS1","Tyr","Y","Tyrosine",74585,2834,0.037996916,74511,1229,0.016494209,8793.204607,10424.4637,0.843516258,0.821111161,0.610145935,0.610145935,4.55545681601137e-05,166.459861,0.049112254,96.0043093170835
"TAT","XS2","Tyr","Y","Tyrosine",71798,3373,0.046979024,71727,1263,0.017608432,6210.432869,7915.695115,0.784572015,0.816440456,0.610145935,0.610145935,0.006903231,25640.99675,0.085141917,107.249725077022
"TAT","XS4","Tyr","Y","Tyrosine",73587,3116,0.042344436,73523,1289,0.017531929,7706.17556,10460.96269,0.736660267,0.818871526,0.610145935,0.610145935,0.009937356,36357.24302,0.0420259,116.302581432822
"TCA","Ctrl","Ser","S","Serine",77585,2092,0.026963975,77459,2694,0.03477969,98606.26071,136558.7433,0.722079438,0.767110941,0.551158482,0.53146182,0,0,0.134949712,342.263444365877
"TCA","XS1","Ser","S","Serine",79658,1760,0.022094454,79626,2845,0.035729536,74997.64665,104807.5188,0.715575061,0.773892917,0.59000023,0.570277591,3.45211199480996e-05,103.0465806,0.135315596,338.899492508327
"TCA","XS2","Ser","S","Serine",76590,1732,0.022613918,76465,2973,0.038880534,59182.14762,86566.92305,0.683657747,0.767862945,0.575834562,0.557678092,0.003261292,9861.921825,0.192037032,273.267613435405
"TCA","XS4","Ser","S","Serine",78593,1726,0.021961243,78517,2969,0.037813467,76237.70724,110004.4789,0.693041847,0.770122354,0.586733332,0.575032996,0.010204279,30297.70251,0.173357022,335.114896145604
"TCC","Ctrl","Ser","S","Serine",101441,2298,0.022653562,101404,3028,0.029860755,153994.478,210370.8594,0.732014303,1.417621165,0.860750241,0.818725166,0,0,0.204916648,335.24846004129
"TCC","XS1","Ser","S","Serine",103455,2370,0.022908511,103403,3091,0.02989275,109805.4937,153327.5955,0.716149584,1.408169632,0.863830659,0.834284532,8.31266803495581e-06,39.63330025,0.216912619,302.685537204992
"TCC","XS2","Ser","S","Serine",100976,2172,0.021510062,100900,3134,0.031060456,86871.63182,126989.0779,0.684087429,1.416269999,0.845249625,0.818084139,0.002914046,13806.69056,0.300756698,232.693737708939
"TCC","XS4","Ser","S","Serine",102523,2337,0.022794885,102448,3116,0.03041543,107772.0136,154352.6457,0.698219412,1.412821836,0.829424636,0.806856823,0.00521349,24238.16201,0.26497326,271.523186653494
"TCG","Ctrl","Ser","S","Serine",26614,837,0.031449613,26548,872,0.032846165,101509.9312,149245.9909,0.680151812,0.386778929,0.567388512,0.580838283,0,0,0.169616963,241.223460483797
"TCG","XS1","Ser","S","Serine",27159,770,0.028351559,27096,868,0.032034249,92763.95698,135872.545,0.68272775,0.38665517,0.729766311,0.739308291,5.75745849753064e-06,7.926660049,0.159014803,220.361641441495
"TCG","XS2","Ser","S","Serine",26548,765,0.02881573,26481,937,0.03538386,68106.61709,105855.8123,0.643390435,0.387910546,0.662668484,0.68194023,0.009352832,12820.49837,0.224102432,195.19814402143
"TCG","XS4","Ser","S","Serine",27008,754,0.027917654,26955,892,0.033092191,86061.46774,128962.7196,0.667336018,0.387647934,0.662338015,0.674134542,0.013489043,18178.62151,0.220039865,230.747344157871
"TCT","Ctrl","Ser","S","Serine",95277,3941,0.041363603,95121,2798,0.029415166,213881.2195,292181.7492,0.732014303,1.134338472,1.195486446,1.137118286,0,0,0.204916648,465.622861168459
"TCT","XS1","Ser","S","Serine",97753,3688,0.037727742,97638,2969,0.030408243,152507.6302,212954.9937,0.716149584,1.134417451,1.199764804,1.158728517,3.35118521613916e-05,146.6432109,0.216912619,420.396579451377
"TCT","XS2","Ser","S","Serine",94114,3601,0.038262108,93914,3040,0.032370041,120655.0442,176373.7193,0.684087429,1.129696399,1.173957813,1.136227971,0.001118683,4930.960913,0.300756698,323.185746817971
"TCT","XS4","Ser","S","Serine",96325,3609,0.037466909,96174,3093,0.032160459,149683.3522,214378.6746,0.698219412,1.131935433,1.151978662,1.120634476,0.005591016,24238.16201,0.26497326,377.115537018742
"TGC","Ctrl","Cys","C","Cysteine",66176,1017,0.015368109,66111,905,0.013689099,61905.38808,79459.98519,0.77907626,1.145279057,1.389854065,1.389854065,0,0,0.15852183,139.730426924471
"TGC","XS1","Cys","C","Cysteine",67507,1087,0.016102034,67444,976,0.014471265,72627.58217,94257.46995,0.770523357,1.145754529,1.389854065,1.389854065,1.75111358178198e-05,47.5599603,0.175027833,144.289906637636
"TGC","XS2","Cys","C","Cysteine",65841,995,0.015112164,65796,983,0.014940118,81069.86875,110403.9346,0.734302351,1.149906892,1.389854065,1.389854065,0.006896696,18737.65147,0.243541233,138.019915352164
"TGC","XS4","Cys","C","Cysteine",66906,1015,0.015170538,66871,953,0.01425132,94061.08317,128197.7254,0.733718815,1.146110222,1.389854065,1.389854065,0.066773602,187845.7556,0.245293867,141.258232626527
"TGG","Ctrl","Trp","W","Tryptophan",67415,1058,0.015693837,67321,2833,0.042081966,109594.7084,129057.1006,0.849195495,1,1,1,0,0,0.051585042,41.5207080071777
"TGG","XS1","Trp","W","Tryptophan",68688,1069,0.015563126,68617,2848,0.041505749,116286,139941.9311,0.830958949,1,1,1,1.56178381834934e-05,47.5599603,0.047364083,32.1365910872864
"TGG","XS2","Trp","W","Tryptophan",67011,1015,0.015146767,66933,2943,0.043969342,109239.7356,143960.2459,0.758818762,1,1,1,0.00388042,11834.30619,0.081492891,28.2264979948607
"TGG","XS4","Trp","W","Tryptophan",68096,1006,0.014773261,68010,2932,0.043111307,142779.659,180259.416,0.792078784,1,1,1,0.023899365,72714.48603,0.07922033,31.1154324735198
"TGT","Ctrl","Cys","C","Cysteine",61159,1384,0.022629539,61106,815,0.013337479,27176.46537,34882.9335,0.77907626,0.854720943,0.610145935,0.610145935,0,0,0.15852183,61.3416574198428
"TGT","XS1","Cys","C","Cysteine",63304,1372,0.021673196,63262,865,0.013673295,31883.50857,41379.02931,0.770523357,0.854245471,0.610145935,0.610145935,4.71489540604264e-05,110.9732407,0.175027833,63.3432690139222
"TGT","XS2","Cys","C","Cysteine",60741,1387,0.022834659,60669,836,0.01377969,35589.67238,48467.32727,0.734302351,0.850093108,0.610145935,0.610145935,0.008665145,20710.03583,0.243541233,60.5907428396002
"TGT","XS4","Cys","C","Cysteine",62436,1373,0.021990518,62385,854,0.013689188,41292.81551,56278.80144,0.733718815,0.853889778,0.610145935,0.610145935,0.023014225,54535.86452,0.245293867,62.0123641230452
"TTA","Ctrl","Leu","L","Leucine",50716,492,0.009701081,50554,474,0.009376113,24472.56202,36977.01869,0.66183167,0.316142084,0.618741864,0.614097518,0,0,0.116666333,489.021545720739
"TTA","XS1","Leu","L","Leucine",52271,830,0.015878786,52160,864,0.016564417,30824.60335,45633.7072,0.675478834,0.31678562,0.403646686,0.422136934,5.22219761456651e-05,103.0465806,0.085079339,629.50973968608
"TTA","XS2","Leu","L","Leucine",49814,822,0.016501385,49639,845,0.017022905,21535.91151,36227.55581,0.594462172,0.311183662,0.441593108,0.450260392,0.004387414,8875.729643,0.114489155,512.043697056281
"TTA","XS4","Leu","L","Leucine",51368,1167,0.022718424,51254,1160,0.02263238,25326.98862,41248.49542,0.614009999,0.314774864,0.582991661,0.573492958,0.012137972,24238.16201,0.140935408,596.21029475544
"TTC","Ctrl","Phe","F","Phenylalanine",109229,784,0.007177581,109004,915,0.008394187,47415.02792,58775.06765,0.806720091,1.145469643,1.389854065,1.389854065,0,0,0.076705123,119.386124021958
"TTC","XS1","Phe","F","Phenylalanine",111310,819,0.007357829,111181,986,0.008868422,39291.67387,49083.83383,0.800501322,1.146336525,1.389854065,1.389854065,1.39788698112097e-05,79.26660049,0.081047509,213.139611586054
"TTC","XS2","Phe","F","Phenylalanine",108725,750,0.006898138,108482,890,0.008204126,28407.18342,37596.77908,0.755574922,1.149912088,1.389854065,1.389854065,0.005766871,32544.34202,0.136370349,158.43750210953
"TTC","XS4","Phe","F","Phenylalanine",110355,728,0.006596892,110183,1041,0.009447918,32011.61301,40816.00438,0.784290709,1.147329654,1.389854065,1.389854065,0.064920185,381751.0517,0.114326259,188.134701114394
"TTG","Ctrl","Leu","L","Leucine",81000,760,0.009382716,80743,1452,0.017982983,63875.48506,97006.41044,0.658466639,0.754215669,1.614969313,1.611038368,0,0,0.176049872,901.253029224625
"TTG","XS1","Leu","L","Leucine",82771,679,0.008203356,82631,1654,0.020016701,87271.26072,126691.8011,0.688846949,0.754089364,1.142812927,1.171968961,2.09784503992154e-05,79.26660049,0.128665854,995.579478804522
"TTG","XS2","Leu","L","Leucine",80066,608,0.007593735,79885,1536,0.01922764,59162.54558,98286.09856,0.601942151,0.750922524,1.213125917,1.221565638,0.004390223,16765.2671,0.20401536,790.187839500001
"TTG","XS4","Leu","L","Leucine",81846,643,0.007856218,81625,1565,0.019173047,60514.33896,102286.8517,0.591614054,0.752705876,1.392954982,1.422131609,0.00805197,30297.70251,0.20030784,827.198415283578
"TTT","Ctrl","Phe","F","Phenylalanine",103634,981,0.009466005,103212,722,0.006995311,20815.19726,25802.2547,0.806720091,0.854530357,0.610145935,0.610145935,0,0,0.076705123,52.4105084456393
"TTT","XS1","Phe","F","Phenylalanine",106180,957,0.009012997,105885,760,0.007177598,17249.04483,21547.80305,0.800501322,0.853663475,0.610145935,0.610145935,4.46373232615475e-05,221.9464814,0.081047509,93.5682894862777
"TTT","XS2","Phe","F","Phenylalanine",102366,962,0.009397652,101880,632,0.006203377,12470.75352,16504.98601,0.755574922,0.850087912,0.610145935,0.610145935,0.008399436,42406.26385,0.136370349,69.5540634260835
"TTT","XS4","Phe","F","Phenylalanine",104800,877,0.008368321,104488,761,0.007283133,14053.09811,17918.22592,0.784290709,0.852670346,0.610145935,0.610145935,0.015787779,78774.02653,0.114326259,82.591133789219
