isoacceptor_id,AA,anticodon,sample_id,condition,rep,condition_int,total_DESeq_abundance,m1A58_level,charging_rate
Ala-AGC,Ala,AGC,Ctrl_1,Ctrl,1,0,72810.2644989402,0.140062485631729,0.767680770095243
Ala-AGC,Ala,AGC,Ctrl_2,Ctrl,2,0,82546.5886992401,0.0793661222981207,0.81505238545168
Ala-AGC,Ala,AGC,XS1_1,XS1,1,1,106144.663509143,0.123875163547257,0.760234180929627
Ala-AGC,Ala,AGC,XS1_2,XS1,2,1,89299.1782545511,0.115532283476415,0.796783717321093
Ala-AGC,Ala,AGC,XS2_1,XS2,1,2,91391.8406337699,0.134621959964165,0.718442340095063
Ala-AGC,Ala,AGC,XS2_2,XS2,2,2,97796.8687499316,0.217013835872599,0.75701527887174
Ala-AGC,Ala,AGC,XS4_1,XS4,1,3,89763.4094398238,0.141767957235988,0.712808180706318
Ala-AGC,Ala,AGC,XS4_2,XS4,2,3,103519.482162972,0.17113170493934,0.767723267923567
Ala-CGC,Ala,CGC,Ctrl_1,Ctrl,1,0,34130.1152465874,0.115469009758996,0.797134467509963
Ala-CGC,Ala,CGC,Ctrl_2,Ctrl,2,0,42489.8433243417,0.0639193231372092,0.853383319358201
Ala-CGC,Ala,CGC,XS1_1,XS1,1,1,39745.1548517367,0.148457015011037,0.802427841475908
Ala-CGC,Ala,CGC,XS1_2,XS1,2,1,43662.0129490809,0.0835074969931331,0.841144635311451
Ala-CGC,Ala,CGC,XS2_1,XS2,1,2,49156.1007906301,0.127841766802617,0.750459550076341
Ala-CGC,Ala,CGC,XS2_2,XS2,2,2,48000.2160464186,0.336599378726393,0.80940833975008
Ala-CGC,Ala,CGC,XS4_1,XS4,1,3,46925.0281282918,0.133521271109298,0.743919667968404
Ala-CGC,Ala,CGC,XS4_2,XS4,2,3,60901.6369496875,0.193646546731522,0.816551109823047
Ala-TGC,Ala,TGC,Ctrl_1,Ctrl,1,0,57041.9974958564,0.131435864349561,0.817277861550673
Ala-TGC,Ala,TGC,Ctrl_2,Ctrl,2,0,68778.8291370276,0.0748525443689403,0.862530542231116
Ala-TGC,Ala,TGC,XS1_1,XS1,1,1,70045.4787071296,0.132184999125383,0.803031506193945
Ala-TGC,Ala,TGC,XS1_2,XS1,2,1,64578.6690381669,0.0977068546713293,0.844057012548413
Ala-TGC,Ala,TGC,XS2_1,XS2,1,2,70866.2674570514,0.127632857962838,0.765866958356678
Ala-TGC,Ala,TGC,XS2_2,XS2,2,2,73900.3326214653,0.280206417005613,0.810956676228596
Ala-TGC,Ala,TGC,XS4_1,XS4,1,3,68487.3928291086,0.139089149066339,0.766510686211617
Ala-TGC,Ala,TGC,XS4_2,XS4,2,3,87352.0287051146,0.184224924746148,0.817516917574454
Arg-ACG,Arg,ACG,Ctrl_1,Ctrl,1,0,129531.48857392,0.42170486907189,0.78566005930688
Arg-ACG,Arg,ACG,Ctrl_2,Ctrl,2,0,143626.138754325,0.32511557364868,0.815436654192415
Arg-ACG,Arg,ACG,XS1_1,XS1,1,1,115844.576365309,0.400849677580779,0.756238317716669
Arg-ACG,Arg,ACG,XS1_2,XS1,2,1,98808.1630569319,0.452722876773235,0.79196942231288
Arg-ACG,Arg,ACG,XS2_1,XS2,1,2,109221.130073094,0.432816750701199,0.719074591180301
Arg-ACG,Arg,ACG,XS2_2,XS2,2,2,86646.818564149,0.561005426876391,0.776851357949178
Arg-ACG,Arg,ACG,XS4_1,XS4,1,3,119062.828831956,0.391596290600469,0.719646200838237
Arg-ACG,Arg,ACG,XS4_2,XS4,2,3,94692.4536407808,0.47132270290018,0.794270472163849
Arg-CCG,Arg,CCG,Ctrl_1,Ctrl,1,0,86416.1828494492,0.185677590003067,0.827989892033592
Arg-CCG,Arg,CCG,Ctrl_2,Ctrl,2,0,102609.894594865,0.130907742528658,0.857174512461884
Arg-CCG,Arg,CCG,XS1_1,XS1,1,1,80449.4174964041,0.152704765393264,0.817100790670342
Arg-CCG,Arg,CCG,XS1_2,XS1,2,1,68925.5594602992,0.16164441816834,0.846983267831575
Arg-CCG,Arg,CCG,XS2_1,XS2,1,2,70530.1126349947,0.163793615982773,0.794164318920239
Arg-CCG,Arg,CCG,XS2_2,XS2,2,2,64808.6250335065,0.266225609569145,0.825950470326568
Arg-CCG,Arg,CCG,XS4_1,XS4,1,3,83705.5565114505,0.204344376014385,0.790966914242556
Arg-CCG,Arg,CCG,XS4_2,XS4,2,3,80781.5068657043,0.222502071942591,0.833254712530278
Arg-CCT,Arg,CCT,Ctrl_1,Ctrl,1,0,97766.083173794,0.198080339151312,0.754357668096357
Arg-CCT,Arg,CCT,Ctrl_2,Ctrl,2,0,134689.641882823,0.155767338781562,0.813644564490515
Arg-CCT,Arg,CCT,XS1_1,XS1,1,1,94771.4136525451,0.165070196270319,0.770589416536378
Arg-CCT,Arg,CCT,XS1_2,XS1,2,1,80045.5117029634,0.181783590097421,0.805000593470742
Arg-CCT,Arg,CCT,XS2_1,XS2,1,2,74967.5575764555,0.179571664887148,0.740718770740184
Arg-CCT,Arg,CCT,XS2_2,XS2,2,2,70893.1762292715,0.280430552507547,0.784766159952378
Arg-CCT,Arg,CCT,XS4_1,XS4,1,3,91713.4045818001,0.214827613941549,0.748532987621039
Arg-CCT,Arg,CCT,XS4_2,XS4,2,3,80553.8610997017,0.248472410901917,0.777248259368543
Arg-TCG,Arg,TCG,Ctrl_1,Ctrl,1,0,67561.2448845983,0.222582033912663,0.804725774271092
Arg-TCG,Arg,TCG,Ctrl_2,Ctrl,2,0,72341.4341508212,0.148225746942899,0.845325086997698
Arg-TCG,Arg,TCG,XS1_1,XS1,1,1,60865.9328450008,0.163684913916525,0.790703336143766
Arg-TCG,Arg,TCG,XS1_2,XS1,2,1,65172.2515704676,0.187659176725828,0.826573053028185
Arg-TCG,Arg,TCG,XS2_1,XS2,1,2,62190.6549836124,0.184055356087097,0.758785428487067
Arg-TCG,Arg,TCG,XS2_2,XS2,2,2,52877.6189517305,0.27822824858521,0.808461159571238
Arg-TCG,Arg,TCG,XS4_1,XS4,1,3,63055.2635050316,0.210128698569832,0.757386595798521
Arg-TCG,Arg,TCG,XS4_2,XS4,2,3,61706.3263652428,0.247657742238469,0.805125620124685
Arg-TCT,Arg,TCT,Ctrl_1,Ctrl,1,0,36722.8128136715,0.246407695569239,0.832280848199436
Arg-TCT,Arg,TCT,Ctrl_2,Ctrl,2,0,32432.5726905336,0.13483589621283,0.873836530812684
Arg-TCT,Arg,TCT,XS1_1,XS1,1,1,31653.9582581818,0.224512134713705,0.817297878494023
Arg-TCT,Arg,TCT,XS1_2,XS1,2,1,53375.7707647882,0.201823328050906,0.864483904348406
Arg-TCT,Arg,TCT,XS2_1,XS2,1,2,48196.9524510492,0.219825777586628,0.787945812590614
Arg-TCT,Arg,TCT,XS2_2,XS2,2,2,39700.1786883921,0.385949659730387,0.837792370336348
Arg-TCT,Arg,TCT,XS4_1,XS4,1,3,59846.0437989291,0.185624903575487,0.794441164863867
Arg-TCT,Arg,TCT,XS4_2,XS4,2,3,61353.347537059,0.234318155956226,0.842907212794867
Asn-GTT,Asn,GTT,Ctrl_1,Ctrl,1,0,1157.61206982962,0.0511298762700758,0.635366363805692
Asn-GTT,Asn,GTT,Ctrl_2,Ctrl,2,0,914.667834069264,0.0286593191608204,0.706781876279714
Asn-GTT,Asn,GTT,XS1_1,XS1,1,1,1193.7831039671,0.0472346583457695,0.693789341549198
Asn-GTT,Asn,GTT,XS1_2,XS1,2,1,1119.77141464591,0.0412643743469903,0.688890643263771
Asn-GTT,Asn,GTT,XS2_1,XS2,1,2,1062.81285057442,0.0495879758688805,0.644628488116439
Asn-GTT,Asn,GTT,XS2_2,XS2,2,2,857.146715114618,0.0673552057074379,0.615689761765943
Asn-GTT,Asn,GTT,XS4_1,XS4,1,3,1089.53680702885,0.052995190129422,0.61583667882715
Asn-GTT,Asn,GTT,XS4_2,XS4,2,3,936.161239965797,0.0551483201858939,0.657615873145609
Asp-GTC,Asp,GTC,Ctrl_1,Ctrl,1,0,94868.5183058769,0.0469565203870626,0.44605192382927
Asp-GTC,Asp,GTC,Ctrl_2,Ctrl,2,0,91118.6157654411,0.0446825998653883,0.643756846381509
Asp-GTC,Asp,GTC,XS1_1,XS1,1,1,100992.009940738,0.0551154180036124,0.576347049214407
Asp-GTC,Asp,GTC,XS1_2,XS1,2,1,97671.5432297971,0.0462234952433373,0.550710291403408
Asp-GTC,Asp,GTC,XS2_1,XS2,1,2,102401.414281908,0.0556948862014416,0.42812016089667
Asp-GTC,Asp,GTC,XS2_2,XS2,2,2,101715.934008483,0.0696170830160793,0.537316295696186
Asp-GTC,Asp,GTC,XS4_1,XS4,1,3,116818.001212023,0.0622338562055734,0.400538383879941
Asp-GTC,Asp,GTC,XS4_2,XS4,2,3,98954.8008819803,0.0711434409832954,0.461069794439816
Cys-GCA,Cys,GCA,Ctrl_1,Ctrl,1,0,48924.5742336771,0.176203803350595,0.772411596257789
Cys-GCA,Cys,GCA,Ctrl_2,Ctrl,2,0,32327.19084587,0.128821099587304,0.789739138529444
Cys-GCA,Cys,GCA,XS1_1,XS1,1,1,50560.6257081908,0.164716544534969,0.762501300266858
Cys-GCA,Cys,GCA,XS1_2,XS1,2,1,42817.0002611768,0.169466679342763,0.779533516386061
Cys-GCA,Cys,GCA,XS2_1,XS2,1,2,48884.3588686082,0.187028838073701,0.704164198137234
Cys-GCA,Cys,GCA,XS2_2,XS2,2,2,58575.2636441452,0.281918053745822,0.760089084505064
Cys-GCA,Cys,GCA,XS4_1,XS4,1,3,60336.0171975476,0.209100442053346,0.705485950219845
Cys-GCA,Cys,GCA,XS4_2,XS4,2,3,69861.1604233274,0.261948115807936,0.757515960429557
Gln-CTG,Gln,CTG,Ctrl_1,Ctrl,1,0,193083.507534231,0.106184826434506,0.731433605275859
Gln-CTG,Gln,CTG,Ctrl_2,Ctrl,2,0,223404.270705634,0.0926964445359705,0.768212773993747
Gln-CTG,Gln,CTG,XS1_1,XS1,1,1,134247.882278603,0.100557029296429,0.723264826437891
Gln-CTG,Gln,CTG,XS1_2,XS1,2,1,206238.825212983,0.106036022726146,0.761516644911183
Gln-CTG,Gln,CTG,XS2_1,XS2,1,2,191674.67437547,0.123444321982252,0.699908537889063
Gln-CTG,Gln,CTG,XS2_2,XS2,2,2,100084.974286668,0.21136440617181,0.743200034174901
Gln-CTG,Gln,CTG,XS4_1,XS4,1,3,154362.831534441,0.161378292600482,0.676426823023057
Gln-CTG,Gln,CTG,XS4_2,XS4,2,3,147201.379495999,0.194980279493654,0.719135601382309
Gln-TTG,Gln,TTG,Ctrl_1,Ctrl,1,0,13186.1735160287,0.119440386877704,0.766075604444778
Gln-TTG,Gln,TTG,Ctrl_2,Ctrl,2,0,10775.1480618204,0.097660209045189,0.802321053502332
Gln-TTG,Gln,TTG,XS1_1,XS1,1,1,8975.48037427118,0.118332667082486,0.772967584633222
Gln-TTG,Gln,TTG,XS1_2,XS1,2,1,14812.3466411899,0.122792975268872,0.78878139681164
Gln-TTG,Gln,TTG,XS2_1,XS2,1,2,17120.7475389408,0.130093251528389,0.728846062338349
Gln-TTG,Gln,TTG,XS2_2,XS2,2,2,9460.7568680776,0.25898929411071,0.766855722254579
Gln-TTG,Gln,TTG,XS4_1,XS4,1,3,18575.1531435833,0.166541724520653,0.718937627496544
Gln-TTG,Gln,TTG,XS4_2,XS4,2,3,17641.2679564046,0.201764635618604,0.747248288703001
Glu-CTC,Glu,CTC,Ctrl_1,Ctrl,1,0,577185.37801705,0.0922863713670398,0.695624582733679
Glu-CTC,Glu,CTC,Ctrl_2,Ctrl,2,0,749247.448954204,0.0893751977955296,0.794248708666915
Glu-CTC,Glu,CTC,XS1_1,XS1,1,1,423408.678572856,0.137267878348884,0.679543112064186
Glu-CTC,Glu,CTC,XS1_2,XS1,2,1,417228.902747832,0.101911829296706,0.712587912765173
Glu-CTC,Glu,CTC,XS2_1,XS2,1,2,407683.334642217,0.134607422704469,0.579906891831977
Glu-CTC,Glu,CTC,XS2_2,XS2,2,2,377662.414124147,0.20832810075985,0.654342133325061
Glu-CTC,Glu,CTC,XS4_1,XS4,1,3,562331.086373993,0.132817501009156,0.534479475522234
Glu-CTC,Glu,CTC,XS4_2,XS4,2,3,418805.798695475,0.176817276503313,0.606805954503885
Glu-TTC,Glu,TTC,Ctrl_1,Ctrl,1,0,82156.8773711448,0.102084537607927,0.643278776940105
Glu-TTC,Glu,TTC,Ctrl_2,Ctrl,2,0,59463.8891769549,0.0864241047459184,0.767654402287317
Glu-TTC,Glu,TTC,XS1_1,XS1,1,1,57005.6940330274,0.114502880116819,0.641570033345281
Glu-TTC,Glu,TTC,XS1_2,XS1,2,1,62479.0976357058,0.114220233177604,0.678971353559905
Glu-TTC,Glu,TTC,XS2_1,XS2,1,2,73276.7189505417,0.117945538924301,0.562985452950005
Glu-TTC,Glu,TTC,XS2_2,XS2,2,2,76605.1067002715,0.166187589003085,0.668813264746613
Glu-TTC,Glu,TTC,XS4_1,XS4,1,3,107126.709184804,0.123332580998402,0.537484573209036
Glu-TTC,Glu,TTC,XS4_2,XS4,2,3,93126.0461452752,0.140362732848602,0.632530808691994
Gly-CCC,Gly,CCC,Ctrl_1,Ctrl,1,0,116687.296638826,0.205436051989662,0.780184219895538
Gly-CCC,Gly,CCC,Ctrl_2,Ctrl,2,0,124582.300317297,0.196106952383013,0.820786566889815
Gly-CCC,Gly,CCC,XS1_1,XS1,1,1,253173.847510562,0.256914897628179,0.810134764535409
Gly-CCC,Gly,CCC,XS1_2,XS1,2,1,96562.1400689905,0.205887901464923,0.783604675014434
Gly-CCC,Gly,CCC,XS2_1,XS2,1,2,95320.0210843305,0.216837436689807,0.712866089337801
Gly-CCC,Gly,CCC,XS2_2,XS2,2,2,133681.554074515,0.443009059606715,0.781183037550152
Gly-CCC,Gly,CCC,XS4_1,XS4,1,3,137107.70773461,0.272451691782934,0.737696476672076
Gly-CCC,Gly,CCC,XS4_2,XS4,2,3,157321.129030974,0.352803575691234,0.778361794961639
Gly-GCC,Gly,GCC,Ctrl_1,Ctrl,1,0,78652.228921569,0.244095520217941,0.704261295259141
Gly-GCC,Gly,GCC,Ctrl_2,Ctrl,2,0,77686.7972218524,0.235001156343729,0.723521130479981
Gly-GCC,Gly,GCC,XS1_1,XS1,1,1,352733.997944832,0.260395380596507,0.762750195226463
Gly-GCC,Gly,GCC,XS1_2,XS1,2,1,64928.5976052437,0.229069999812042,0.673020646575627
Gly-GCC,Gly,GCC,XS2_1,XS2,1,2,74236.8737416856,0.243256910747946,0.683150065608244
Gly-GCC,Gly,GCC,XS2_2,XS2,2,2,131657.735441605,0.378425772899984,0.668327628171706
Gly-GCC,Gly,GCC,XS4_1,XS4,1,3,94873.8390577372,0.296324428827361,0.60616854512404
Gly-GCC,Gly,GCC,XS4_2,XS4,2,3,112447.800261946,0.365887179993637,0.629709849276966
Gly-TCC,Gly,TCC,Ctrl_1,Ctrl,1,0,198138.119014708,0.498435608164374,0.725176233749605
Gly-TCC,Gly,TCC,Ctrl_2,Ctrl,2,0,269205.199944904,0.409979131955017,0.803251373724283
Gly-TCC,Gly,TCC,XS1_1,XS1,1,1,191916.789147167,0.463030855061901,0.743236239151639
Gly-TCC,Gly,TCC,XS1_2,XS1,2,1,155678.035365569,0.438728040657315,0.775081631259029
Gly-TCC,Gly,TCC,XS2_1,XS2,1,2,195731.6806261,0.458912810618799,0.695037336076332
Gly-TCC,Gly,TCC,XS2_2,XS2,2,2,184148.447889986,0.569676451452067,0.76099351009771
Gly-TCC,Gly,TCC,XS4_1,XS4,1,3,169397.166813261,0.468167904720927,0.705395350096061
Gly-TCC,Gly,TCC,XS4_2,XS4,2,3,192198.50663665,0.529801796343613,0.767735774513278
His-GTG,His,GTG,Ctrl_1,Ctrl,1,0,11497.4737714147,0.174694630099101,0.455932465923172
His-GTG,His,GTG,Ctrl_2,Ctrl,2,0,14001.229836854,0.118868317037653,0.474162859896903
His-GTG,His,GTG,XS1_1,XS1,1,1,17702.6810716489,0.153520584840323,0.518647342995169
His-GTG,His,GTG,XS1_2,XS1,2,1,11624.1085856008,0.13464110566206,0.446366393350556
His-GTG,His,GTG,XS2_1,XS2,1,2,15284.9798879486,0.178470254957507,0.464394440767704
His-GTG,His,GTG,XS2_2,XS2,2,2,13271.4883056913,0.260623991393222,0.52392171076477
His-GTG,His,GTG,XS4_1,XS4,1,3,8183.89911833804,0.204586758978797,0.421835580687255
His-GTG,His,GTG,XS4_2,XS4,2,3,8082.70360189049,0.25445324881141,0.47038970962812
Ile-AAT,Ile,AAT,Ctrl_1,Ctrl,1,0,14139.6570453006,0.124886758677718,0.81146476047899
Ile-AAT,Ile,AAT,Ctrl_2,Ctrl,2,0,13859.7503437421,0.0979430718848198,0.855315913950636
Ile-AAT,Ile,AAT,XS1_1,XS1,1,1,10971.9210638116,0.110497138287645,0.799347270025132
Ile-AAT,Ile,AAT,XS1_2,XS1,2,1,15586.0775839487,0.0999000043631472,0.827907376088246
Ile-AAT,Ile,AAT,XS2_1,XS2,1,2,13520.6702979326,0.108979969731587,0.741673592534292
Ile-AAT,Ile,AAT,XS2_2,XS2,2,2,13214.3451913504,0.232662348333094,0.799973926635471
Ile-AAT,Ile,AAT,XS4_1,XS4,1,3,15078.1712827367,0.12645144235382,0.731740916961323
Ile-AAT,Ile,AAT,XS4_2,XS4,2,3,15995.5681154375,0.159303074171757,0.80970747079722
Ile-GAT,Ile,GAT,Ctrl_1,Ctrl,1,0,82.1816202245457,0,0.741935483870968
Ile-GAT,Ile,GAT,Ctrl_2,Ctrl,2,0,47.1598310373077,0,0.8
Ile-GAT,Ile,GAT,XS1_1,XS1,1,1,183.658939071862,0,0.87037037037037
Ile-GAT,Ile,GAT,XS1_2,XS1,2,1,99.7944432033967,0,0.776315789473684
Ile-GAT,Ile,GAT,XS2_1,XS2,1,2,76.4903187913411,0,0.723684210526316
Ile-GAT,Ile,GAT,XS2_2,XS2,2,2,126.191044169652,0,0.830188679245283
Ile-GAT,Ile,GAT,XS4_1,XS4,1,3,137.871302641548,0,0.762886597938144
Ile-GAT,Ile,GAT,XS4_2,XS4,2,3,160.630944999596,0,0.862179487179487
Ile-TAT,Ile,TAT,Ctrl_1,Ctrl,1,0,861.581502354108,0,0.722130596807387
Ile-TAT,Ile,TAT,Ctrl_2,Ctrl,2,0,774.352781229867,0,0.819166924117275
Ile-TAT,Ile,TAT,XS1_1,XS1,1,1,989.717616109479,0,0.80758425272804
Ile-TAT,Ile,TAT,XS1_2,XS1,2,1,1066.63411371942,0,0.797244794649395
Ile-TAT,Ile,TAT,XS2_1,XS2,1,2,854.477377024323,0,0.668057283811201
Ile-TAT,Ile,TAT,XS2_2,XS2,2,2,655.955333372437,0,0.759795800312258
Ile-TAT,Ile,TAT,XS4_1,XS4,1,3,700.669030347559,0,0.706748717671212
Ile-TAT,Ile,TAT,XS4_2,XS4,2,3,770.414659775131,0,0.802464543380016
Leu-AAG,Leu,AAG,Ctrl_1,Ctrl,1,0,37417.3800555692,0.174061775902241,0.654813400191085
Leu-AAG,Leu,AAG,Ctrl_2,Ctrl,2,0,30994.4889539639,0.12482640816087,0.694020925207789
Leu-AAG,Leu,AAG,XS1_1,XS1,1,1,110004.902321117,0.141932835978066,0.757494330857484
Leu-AAG,Leu,AAG,XS1_2,XS1,2,1,33099.3543502798,0.142118428953815,0.637804477377135
Leu-AAG,Leu,AAG,XS2_1,XS2,1,2,38865.1335585056,0.142238395003465,0.657874296189413
Leu-AAG,Leu,AAG,XS2_2,XS2,2,2,57246.6862357176,0.227348426672209,0.607857540071085
Leu-AAG,Leu,AAG,XS4_1,XS4,1,3,39564.1146318756,0.181044233363487,0.596585661182081
Leu-AAG,Leu,AAG,XS4_2,XS4,2,3,45207.8913105232,0.198948765342919,0.654213743406879
Leu-CAA,Leu,CAA,Ctrl_1,Ctrl,1,0,44877.3503559522,0.200404762219604,0.600612038175143
Leu-CAA,Leu,CAA,Ctrl_2,Ctrl,2,0,42713.4158566667,0.168112325095827,0.722132702761306
Leu-CAA,Leu,CAA,XS1_1,XS1,1,1,64202.4035714729,0.119947210712395,0.729659330526344
Leu-CAA,Leu,CAA,XS1_2,XS1,2,1,46978.5581459315,0.148979653598659,0.638501796477193
Leu-CAA,Leu,CAA,XS2_1,XS2,1,2,33383.9983461682,0.14733949435102,0.556464373909265
Leu-CAA,Leu,CAA,XS2_2,XS2,2,2,51134.7539643308,0.28442185537204,0.63410742071778
Leu-CAA,Leu,CAA,XS4_1,XS4,1,3,44773.5287747624,0.189635155216918,0.539338526608548
Leu-CAA,Leu,CAA,XS4_2,XS4,2,3,45759.3567841205,0.228721445343403,0.635321138673445
Leu-CAG,Leu,CAG,Ctrl_1,Ctrl,1,0,40603.0224309401,0.204980226411254,0.599219463189425
Leu-CAG,Leu,CAG,Ctrl_2,Ctrl,2,0,33325.1161594249,0.172984994852634,0.662989100876947
Leu-CAG,Leu,CAG,XS1_1,XS1,1,1,91020.0097674291,0.158252189346463,0.702120522654024
Leu-CAG,Leu,CAG,XS1_2,XS1,2,1,43019.1812110434,0.165414108614846,0.611046374081168
Leu-CAG,Leu,CAG,XS2_1,XS2,1,2,40743.1721751456,0.163024183605384,0.541240333167137
Leu-CAG,Leu,CAG,XS2_2,XS2,2,2,74026.523665635,0.218482364744495,0.576812787692962
Leu-CAG,Leu,CAG,XS4_1,XS4,1,3,46732.7153369148,0.206647926650005,0.532000297250381
Leu-CAG,Leu,CAG,XS4_2,XS4,2,3,51542.5823676251,0.233756302029056,0.594808636411153
Leu-TAA,Leu,TAA,Ctrl_1,Ctrl,1,0,20664.7009564624,0.134898197315185,0.609967401186635
Leu-TAA,Leu,TAA,Ctrl_2,Ctrl,2,0,17289.0269463315,0.0982809596447369,0.727803946554493
Leu-TAA,Leu,TAA,XS1_1,XS1,1,1,23600.1736707343,0.0725724347452396,0.704887678936916
Leu-TAA,Leu,TAA,XS1_2,XS1,2,1,21603.5529059405,0.0975120758571063,0.644129828426394
Leu-TAA,Leu,TAA,XS2_1,XS2,1,2,14452.6444453113,0.097341475035855,0.544294197229804
Leu-TAA,Leu,TAA,XS2_2,XS2,2,2,20854.8557713582,0.131356989566285,0.630172214211162
Leu-TAA,Leu,TAA,XS4_1,XS4,1,3,19331.6777273087,0.130284846411047,0.55488906535877
Leu-TAA,Leu,TAA,XS4_2,XS4,2,3,22563.5321372521,0.15130856138173,0.663796658590392
Leu-TAG,Leu,TAG,Ctrl_1,Ctrl,1,0,17923.5462689727,0.159469612152569,0.642619570038394
Leu-TAG,Leu,TAG,Ctrl_2,Ctrl,2,0,13575.6269172457,0.110014417728257,0.681886168773833
Leu-TAG,Leu,TAG,XS1_1,XS1,1,1,55016.0555264155,0.130652846110845,0.765673645930398
Leu-TAG,Leu,TAG,XS1_2,XS1,2,1,16328.7037651895,0.129965096703832,0.629056432065107
Leu-TAG,Leu,TAG,XS2_1,XS2,1,2,18793.4700367199,0.124960860832851,0.666493897754757
Leu-TAG,Leu,TAG,XS2_2,XS2,2,2,26242.9752610926,0.215589656783122,0.619140335550287
Leu-TAG,Leu,TAG,XS4_1,XS4,1,3,17706.2104207809,0.170601087132247,0.595627104221473
Leu-TAG,Leu,TAG,XS4_2,XS4,2,3,19024.53571207,0.183133989028205,0.660898867164534
Lys-CTT,Lys,CTT,Ctrl_1,Ctrl,1,0,446553.716140123,0.158092635438681,0.774009812276401
Lys-CTT,Lys,CTT,Ctrl_2,Ctrl,2,0,617004.296083958,0.14229883596655,0.815136803986227
Lys-CTT,Lys,CTT,XS1_1,XS1,1,1,277171.948882618,0.184601402136369,0.764884065351535
Lys-CTT,Lys,CTT,XS1_2,XS1,2,1,343557.275092587,0.146458039397754,0.798681552669258
Lys-CTT,Lys,CTT,XS2_1,XS2,1,2,327631.183769264,0.16743884615741,0.732085167037924
Lys-CTT,Lys,CTT,XS2_2,XS2,2,2,320333.584661564,0.360800177544686,0.781519612706428
Lys-CTT,Lys,CTT,XS4_1,XS4,1,3,414723.241636667,0.197232301403091,0.711151527425285
Lys-CTT,Lys,CTT,XS4_2,XS4,2,3,335775.970163295,0.231671108785505,0.770689984969915
Lys-TTT,Lys,TTT,Ctrl_1,Ctrl,1,0,5228.69512761975,0.149936553259314,0.792615632829581
Lys-TTT,Lys,TTT,Ctrl_2,Ctrl,2,0,5684.21519033623,0.109272829113042,0.862780992542583
Lys-TTT,Lys,TTT,XS1_1,XS1,1,1,4883.96734272581,0.114447906230636,0.77509683458963
Lys-TTT,Lys,TTT,XS1_2,XS1,2,1,5105.0689841322,0.136185911255726,0.821608208581494
Lys-TTT,Lys,TTT,XS2_1,XS2,1,2,4865.18685575451,0.133815219546023,0.761617253826155
Lys-TTT,Lys,TTT,XS2_2,XS2,2,2,3427.3963789097,0.190821218813731,0.764780231382508
Lys-TTT,Lys,TTT,XS4_1,XS4,1,3,4524.29982360649,0.149788726678466,0.723568781242852
Lys-TTT,Lys,TTT,XS4_2,XS4,2,3,3850.02704479923,0.185811623202252,0.782910382849835
Met-CAT,Met,CAT,Ctrl_1,Ctrl,1,0,63421.2353066198,0.12505157467548,0.789156310659487
Met-CAT,Met,CAT,Ctrl_2,Ctrl,2,0,93235.5681808936,0.0824949350336084,0.855202176457284
Met-CAT,Met,CAT,XS1_1,XS1,1,1,76670.8048795738,0.0798814641845763,0.783269331871964
Met-CAT,Met,CAT,XS1_2,XS1,2,1,95034.1186594217,0.101377587098257,0.83113574543017
Met-CAT,Met,CAT,XS2_1,XS2,1,2,77635.6606700851,0.116798091937872,0.736038981428906
Met-CAT,Met,CAT,XS2_2,XS2,2,2,86863.4862060251,0.166770422798179,0.802623488829313
Met-CAT,Met,CAT,XS4_1,XS4,1,3,83880.1934947965,0.142085429159657,0.735894010364361
Met-CAT,Met,CAT,XS4_2,XS4,2,3,94643.3435429465,0.164705074940801,0.824819853821357
Phe-GAA,Phe,GAA,Ctrl_1,Ctrl,1,0,33087.380710405,0.0875134008112177,0.777300350575699
Phe-GAA,Phe,GAA,Ctrl_2,Ctrl,2,0,27187.933703076,0.0651820941503453,0.843828750757099
Phe-GAA,Phe,GAA,XS1_1,XS1,1,1,15934.1135102162,0.0860605669892599,0.782291025729096
Phe-GAA,Phe,GAA,XS1_2,XS1,2,1,32424.1218189945,0.075143043457661,0.808618922888813
Phe-GAA,Phe,GAA,XS2_1,XS2,1,2,21368.9795865494,0.0899290513121398,0.735446917315655
Phe-GAA,Phe,GAA,XS2_2,XS2,2,2,15088.1631491148,0.181744567230524,0.78396339461491
Phe-GAA,Phe,GAA,XS4_1,XS4,1,3,17243.8112826908,0.0989249837730889,0.738211794438292
Phe-GAA,Phe,GAA,XS4_2,XS4,2,3,24159.610316866,0.129040886683668,0.816297244307417
Pro-AGG,Pro,AGG,Ctrl_1,Ctrl,1,0,46057.0542591755,0.0919560151751496,0.628539818714699
Pro-AGG,Pro,AGG,Ctrl_2,Ctrl,2,0,60565.4496747646,0.0460970637397461,0.639964917409735
Pro-AGG,Pro,AGG,XS1_1,XS1,1,1,67987.8183712319,0.0682525343771955,0.683468559837728
Pro-AGG,Pro,AGG,XS1_2,XS1,2,1,43901.778819115,0.0881916409403941,0.625340232704214
Pro-AGG,Pro,AGG,XS2_1,XS2,1,2,39519.3270744842,0.110315186246418,0.607198868749197
Pro-AGG,Pro,AGG,XS2_2,XS2,2,2,68444.355683451,0.124849584067247,0.659904407859798
Pro-AGG,Pro,AGG,XS4_1,XS4,1,3,56282.600899886,0.0977655387478465,0.608729351969504
Pro-AGG,Pro,AGG,XS4_2,XS4,2,3,60897.0328780155,0.122650549746142,0.649587675269858
Pro-CGG,Pro,CGG,Ctrl_1,Ctrl,1,0,21038.4947774837,0.0831078488034675,0.660408922085135
Pro-CGG,Pro,CGG,Ctrl_2,Ctrl,2,0,31324.0255510888,0.039260335233159,0.684221936690468
Pro-CGG,Pro,CGG,XS1_1,XS1,1,1,24841.5720552015,0.061743758580472,0.695066810624483
Pro-CGG,Pro,CGG,XS1_2,XS1,2,1,23769.2219266272,0.0686091333369165,0.682077653682047
Pro-CGG,Pro,CGG,XS2_1,XS2,1,2,19488.9280667833,0.0918046829487074,0.632177841302839
Pro-CGG,Pro,CGG,XS2_2,XS2,2,2,24806.0640317268,0.123077292327865,0.686912188696915
Pro-CGG,Pro,CGG,XS4_1,XS4,1,3,25411.4486576404,0.0882082787502282,0.637121038793929
Pro-CGG,Pro,CGG,XS4_2,XS4,2,3,25181.2026645226,0.107397705880922,0.677422952743047
Pro-TGG,Pro,TGG,Ctrl_1,Ctrl,1,0,17345.6239073936,0.0879988903275685,0.68379314828087
Pro-TGG,Pro,TGG,Ctrl_2,Ctrl,2,0,22687.9542698988,0.0440862755010385,0.69491779996004
Pro-TGG,Pro,TGG,XS1_1,XS1,1,1,21287.4314750145,0.0817164138710483,0.707255401523137
Pro-TGG,Pro,TGG,XS1_2,XS1,2,1,18314.2243754182,0.082763602362484,0.692076315145517
Pro-TGG,Pro,TGG,XS2_1,XS2,1,2,16554.1153089471,0.105865542467848,0.652848563651066
Pro-TGG,Pro,TGG,XS2_2,XS2,2,2,23952.4887612585,0.131162344932929,0.704109008915491
Pro-TGG,Pro,TGG,XS4_1,XS4,1,3,20385.1558859544,0.0976579512638269,0.647717572161485
Pro-TGG,Pro,TGG,XS4_2,XS4,2,3,19708.496137116,0.125551937128927,0.69372384616728
SeC-TCA,SeC,TCA,Ctrl_1,Ctrl,1,0,16540.5974985274,0.164788581240609,0.646143840442252
SeC-TCA,SeC,TCA,Ctrl_2,Ctrl,2,0,16023.2803700956,0.189799941588785,0.723676448901342
SeC-TCA,SeC,TCA,XS1_1,XS1,1,1,12832.3180947803,0.14430785676109,0.674393530997305
SeC-TCA,SeC,TCA,XS1_2,XS1,2,1,14071.0164916789,0.15047778087021,0.653497711777342
SeC-TCA,SeC,TCA,XS2_1,XS2,1,2,9625.70274895244,0.137849967941868,0.622862571247625
SeC-TCA,SeC,TCA,XS2_2,XS2,2,2,9619.09091406405,0.225734196117471,0.656739213440244
SeC-TCA,SeC,TCA,XS4_1,XS4,1,3,9395.75251694118,0.1793039870938,0.604776755153267
SeC-TCA,SeC,TCA,XS4_2,XS4,2,3,8666.90914071067,0.217717449544561,0.649767108563239
Ser-ACT,Ser,ACT,Ctrl_1,Ctrl,1,0,21.2081600579473,0,NA
Ser-ACT,Ser,ACT,Ctrl_2,Ctrl,2,0,25.0354658593115,0,NA
Ser-ACT,Ser,ACT,XS1_1,XS1,1,1,37.4120061072312,0,NA
Ser-ACT,Ser,ACT,XS1_2,XS1,2,1,33.6968249777703,0,NA
Ser-ACT,Ser,ACT,XS2_1,XS2,1,2,23.1483859500111,0,NA
Ser-ACT,Ser,ACT,XS2_2,XS2,2,2,33.3334833655685,0,NA
Ser-ACT,Ser,ACT,XS4_1,XS4,1,3,15.5547110672516,0,NA
Ser-ACT,Ser,ACT,XS4_2,XS4,2,3,18.9278502069587,0,NA
Ser-AGA,Ser,AGA,Ctrl_1,Ctrl,1,0,154160.348114547,0.252239079027818,0.6881841521664
Ser-AGA,Ser,AGA,Ctrl_2,Ctrl,2,0,146318.906884542,0.157594288715367,0.781114286291417
Ser-AGA,Ser,AGA,XS1_1,XS1,1,1,91057.4217735363,0.248591252279856,0.695858941748673
Ser-AGA,Ser,AGA,XS1_2,XS1,2,1,119411.179467379,0.185245459362924,0.731284178432152
Ser-AGA,Ser,AGA,XS2_1,XS2,1,2,86466.2666842328,0.21085883142771,0.672037935446492
Ser-AGA,Ser,AGA,XS2_2,XS2,2,2,85005.1445083947,0.390660184330138,0.696672524514772
Ser-AGA,Ser,AGA,XS4_1,XS4,1,3,106768.950830257,0.2266420279904,0.678521928084792
Ser-AGA,Ser,AGA,XS4_2,XS4,2,3,111084.995047045,0.303306228120747,0.716798396169012
Ser-CGA,Ser,CGA,Ctrl_1,Ctrl,1,0,60197.5949778119,0.213087735806872,0.626113027677622
Ser-CGA,Ser,CGA,Ctrl_2,Ctrl,2,0,48070.4233304231,0.153742053160813,0.711598317804212
Ser-CGA,Ser,CGA,XS1_1,XS1,1,1,45183.5001031423,0.184053912655538,0.655201808222637
Ser-CGA,Ser,CGA,XS1_2,XS1,2,1,56000.2350178645,0.14876399965469,0.68506794508435
Ser-CGA,Ser,CGA,XS2_1,XS2,1,2,39289.8561181102,0.164561529047414,0.615304165479582
Ser-CGA,Ser,CGA,XS2_2,XS2,2,2,36672.7841098692,0.30409662693666,0.644196990423888
Ser-CGA,Ser,CGA,XS4_1,XS4,1,3,50071.321957804,0.204405829145987,0.648403996181149
Ser-CGA,Ser,CGA,XS4_2,XS4,2,3,45278.4870761599,0.268305549589336,0.667668469999204
Ser-GCT,Ser,GCT,Ctrl_1,Ctrl,1,0,265876.098566456,0.17858647230381,0.643751653447931
Ser-GCT,Ser,GCT,Ctrl_2,Ctrl,2,0,273163.13243122,0.0940111626478207,0.699035053559587
Ser-GCT,Ser,GCT,XS1_1,XS1,1,1,161079.092840416,0.16206746066056,0.665515272692156
Ser-GCT,Ser,GCT,XS1_2,XS1,2,1,179750.528716996,0.125789640474298,0.675696031060587
Ser-GCT,Ser,GCT,XS2_1,XS2,1,2,178936.016942023,0.143548289884604,0.63731676884809
Ser-GCT,Ser,GCT,XS2_2,XS2,2,2,114548.134622679,0.400753181873149,0.662499984860369
Ser-GCT,Ser,GCT,XS4_1,XS4,1,3,208427.472042601,0.168809202753559,0.657537010248565
Ser-GCT,Ser,GCT,XS4_2,XS4,2,3,173385.246657971,0.197034394887402,0.676577666564721
Ser-TGA,Ser,TGA,Ctrl_1,Ctrl,1,0,72978.1624327323,0.173689074277374,0.676083865359432
Ser-TGA,Ser,TGA,Ctrl_2,Ctrl,2,0,67368.6919669984,0.0961816903305455,0.775039580149602
Ser-TGA,Ser,TGA,XS1_1,XS1,1,1,48370.3228051856,0.147203229572457,0.701245727408659
Ser-TGA,Ser,TGA,XS1_2,XS1,2,1,55283.5294712219,0.123408248454567,0.727803665111559
Ser-TGA,Ser,TGA,XS2_1,XS2,1,2,42674.552724627,0.129742991100346,0.661727069894768
Ser-TGA,Ser,TGA,XS2_2,XS2,2,2,41463.2818621209,0.254297693548077,0.706896484834258
Ser-TGA,Ser,TGA,XS4_1,XS4,1,3,55889.4909292773,0.148007860893463,0.677796625544584
Ser-TGA,Ser,TGA,XS4_2,XS4,2,3,55897.0110422638,0.198667214387374,0.707975094128762
Thr-AGT,Thr,AGT,Ctrl_1,Ctrl,1,0,10589.0575822659,0.121683004140772,0.628099442223291
Thr-AGT,Thr,AGT,Ctrl_2,Ctrl,2,0,7529.27080215386,0.109246954735555,0.67208430445674
Thr-AGT,Thr,AGT,XS1_1,XS1,1,1,9380.21025852214,0.182765243700475,0.632045046867565
Thr-AGT,Thr,AGT,XS1_2,XS1,2,1,8006.88402741019,0.160846039096294,0.647997503661738
Thr-AGT,Thr,AGT,XS2_1,XS2,1,2,7111.58674446863,0.201430937332706,0.606247851066234
Thr-AGT,Thr,AGT,XS2_2,XS2,2,2,4860.73616362915,0.286189216475832,0.627445488250905
Thr-AGT,Thr,AGT,XS4_1,XS4,1,3,8151.37563156106,0.159625727432277,0.583119501987251
Thr-AGT,Thr,AGT,XS4_2,XS4,2,3,7830.50278697074,0.227379308854634,0.622547244177842
Thr-CGT,Thr,CGT,Ctrl_1,Ctrl,1,0,39561.1715680934,0.097589676162385,0.741524231889658
Thr-CGT,Thr,CGT,Ctrl_2,Ctrl,2,0,35893.2891804813,0.0578279511281022,0.772890841150469
Thr-CGT,Thr,CGT,XS1_1,XS1,1,1,26644.1505312772,0.0881497551744652,0.73201760679187
Thr-CGT,Thr,CGT,XS1_2,XS1,2,1,31764.4416684682,0.0912433538436311,0.762423583149203
Thr-CGT,Thr,CGT,XS2_1,XS2,1,2,34031.1467012055,0.108454877547765,0.743452477202237
Thr-CGT,Thr,CGT,XS2_2,XS2,2,2,20027.4710949628,0.177752128302327,0.762031738094342
Thr-CGT,Thr,CGT,XS4_1,XS4,1,3,40620.4209198062,0.106632488872197,0.711159654730895
Thr-CGT,Thr,CGT,XS4_2,XS4,2,3,36433.5538308,0.137393031221679,0.734909959057748
Thr-TGT,Thr,TGT,Ctrl_1,Ctrl,1,0,6659.36225819545,0.09077275824275,0.741324406880939
Thr-TGT,Thr,TGT,Ctrl_2,Ctrl,2,0,5285.9766171323,0.0565048168418998,0.77454549466737
Thr-TGT,Thr,TGT,XS1_1,XS1,1,1,6523.29342851539,0.05958561516789,0.712327112548716
Thr-TGT,Thr,TGT,XS1_2,XS1,2,1,5758.26897600898,0.077128600751973,0.748561228139951
Thr-TGT,Thr,TGT,XS2_1,XS2,1,2,7244.43835079043,0.0932002061631276,0.715164612811202
Thr-TGT,Thr,TGT,XS2_2,XS2,2,2,6248.83764949532,0.147861795512314,0.740393060837612
Thr-TGT,Thr,TGT,XS4_1,XS4,1,3,6551.36148859786,0.111761737652991,0.685098054398288
Thr-TGT,Thr,TGT,XS4_2,XS4,2,3,7607.46109264009,0.13475692198129,0.715812567127555
Trp-CCA,Trp,CCA,Ctrl_1,Ctrl,1,0,51299.0044868315,0.0609321312699168,0.816330151215757
Trp-CCA,Trp,CCA,Ctrl_2,Ctrl,2,0,82490.1133460226,0.0422380101838579,0.87092568764123
Trp-CCA,Trp,CCA,XS1_1,XS1,1,1,61780.8264488958,0.0454659627095412,0.804598838970962
Trp-CCA,Trp,CCA,XS1_2,XS1,2,1,76578.6268254428,0.0492622028073852,0.85169428569421
Trp-CCA,Trp,CCA,XS2_1,XS2,1,2,74559.9446934227,0.0604350276997457,0.721063608798257
Trp-CCA,Trp,CCA,XS2_2,XS2,2,2,65295.5319869536,0.102550754065254,0.803071654280593
Trp-CCA,Trp,CCA,XS4_1,XS4,1,3,90984.454258603,0.069314828626916,0.717342201584269
Trp-CCA,Trp,CCA,XS4_2,XS4,2,3,92219.5555894176,0.0891258314869356,0.864469533597607
Tyr-GTA,Tyr,GTA,Ctrl_1,Ctrl,1,0,11689.2308852719,0.0478553175579374,0.819433254151991
Tyr-GTA,Tyr,GTA,Ctrl_2,Ctrl,2,0,8568.53374538342,0.0221528995978392,0.838721625908572
Tyr-GTA,Tyr,GTA,XS1_1,XS1,1,1,6404.25522726511,0.0621348911311736,0.821785115501143
Tyr-GTA,Tyr,GTA,XS1_2,XS1,2,1,16970.2394714971,0.0355667423962496,0.851553239031686
Tyr-GTA,Tyr,GTA,XS2_1,XS2,1,2,13680.6960964566,0.0474925080158493,0.787113729100728
Tyr-GTA,Tyr,GTA,XS2_2,XS2,2,2,3722.63580300474,0.121405936564235,0.774965255817399
Tyr-GTA,Tyr,GTA,XS4_1,XS4,1,3,14009.845445345,0.0346229270042009,0.694776389308335
Tyr-GTA,Tyr,GTA,XS4_2,XS4,2,3,10244.5710336366,0.0491536044040153,0.792923280083194
Val-AAC,Val,AAC,Ctrl_1,Ctrl,1,0,145357.194343828,0.32980258652368,0.707309945424457
Val-AAC,Val,AAC,Ctrl_2,Ctrl,2,0,214538.22247062,0.265403817245452,0.84074079711599
Val-AAC,Val,AAC,XS1_1,XS1,1,1,135155.973699569,0.254503731984139,0.764199453034339
Val-AAC,Val,AAC,XS1_2,XS1,2,1,154648.986172017,0.283957187897578,0.800542069635628
Val-AAC,Val,AAC,XS2_1,XS2,1,2,155771.527767003,0.288991762146614,0.711690952446217
Val-AAC,Val,AAC,XS2_2,XS2,2,2,197827.080885356,0.350554381562421,0.799587470173703
Val-AAC,Val,AAC,XS4_1,XS4,1,3,108823.586755777,0.278230691184523,0.706024256187244
Val-AAC,Val,AAC,XS4_2,XS4,2,3,127967.102741095,0.338736032327063,0.792329793439025
Val-CAC,Val,CAC,Ctrl_1,Ctrl,1,0,153299.650285529,0.296950770578245,0.72694779270651
Val-CAC,Val,CAC,Ctrl_2,Ctrl,2,0,241642.898694211,0.245482091724215,0.855274063128424
Val-CAC,Val,CAC,XS1_1,XS1,1,1,149651.425520389,0.253480322947456,0.772339540600692
Val-CAC,Val,CAC,XS1_2,XS1,2,1,169737.387571679,0.251248520100267,0.813980797189992
Val-CAC,Val,CAC,XS2_1,XS2,1,2,174273.12685044,0.276924689647582,0.721603369952613
Val-CAC,Val,CAC,XS2_2,XS2,2,2,219255.748763222,0.367444071146328,0.815579215960935
Val-CAC,Val,CAC,XS4_1,XS4,1,3,128853.812416469,0.258958802496548,0.721678796929564
Val-CAC,Val,CAC,XS4_2,XS4,2,3,157191.19189712,0.313718988024153,0.815135690756252
Val-TAC,Val,TAC,Ctrl_1,Ctrl,1,0,44479.6973548657,0.241299643793265,0.819851987995299
Val-TAC,Val,TAC,Ctrl_2,Ctrl,2,0,62187.5149743935,0.181715711413168,0.874292506641026
Val-TAC,Val,TAC,XS1_1,XS1,1,1,44731.1549383913,0.206605195274188,0.813670953361187
Val-TAC,Val,TAC,XS1_2,XS1,2,1,52906.6072785592,0.222714148649651,0.853148108414505
Val-TAC,Val,TAC,XS2_1,XS2,1,2,50055.8684879914,0.231488581969227,0.786332300506431
Val-TAC,Val,TAC,XS2_2,XS2,2,2,53687.1464048944,0.331067342916231,0.840974494253793
Val-TAC,Val,TAC,XS4_1,XS4,1,3,35071.6312627248,0.226823913914569,0.786610977037935
Val-TAC,Val,TAC,XS4_2,XS4,2,3,46895.027796538,0.279580268923681,0.84341707799189
iMet-CAT,iMet,CAT,Ctrl_1,Ctrl,1,0,191846.364864184,0.279401062744446,0.703528659116389
iMet-CAT,iMet,CAT,Ctrl_2,Ctrl,2,0,256997.790347876,0.23088719426069,0.775346131395308
iMet-CAT,iMet,CAT,XS1_1,XS1,1,1,158365.021851909,0.225446258835813,0.684927790023293
iMet-CAT,iMet,CAT,XS1_2,XS1,2,1,173661.771649859,0.23526388469204,0.743251139597047
iMet-CAT,iMet,CAT,XS2_1,XS2,1,2,149479.192594852,0.247337010986624,0.59866230745874
iMet-CAT,iMet,CAT,XS2_2,XS2,2,2,180365.097527993,0.344608831171743,0.712938479716227
iMet-CAT,iMet,CAT,XS4_1,XS4,1,3,173359.375941482,0.261912490377162,0.597696308605674
iMet-CAT,iMet,CAT,XS4_2,XS4,2,3,166360.967977113,0.330239859657178,0.761826077311264
