AA,Codon,condition,rep,tRNA_expression_level,m1A58_abs,m1A58_level
Val,GTT,Ctrl,1,147702.01059381,48716.7193678635,0.32983111856099
Val,GTT,Ctrl,2,215101.896274109,57091.0490124327,0.265413973569439
Val,GTT,XS1,1,129832.308428841,33042.9531214059,0.254504857236796
Val,GTT,XS1,2,150763.661699752,42810.6696303288,0.28395880776355
Val,GTT,XS2,1,155676.015464288,44989.3375610425,0.288993377861493
Val,GTT,XS2,2,198771.891265733,69678.5263648021,0.350545169747622
Val,GTT,XS4,1,110100.223082515,30633.9810365388,0.278237229488445
Val,GTT,XS4,2,128925.082238923,43671.8464850595,0.338738170468081
Val,GTC,Ctrl,1,106345.447627543,35076.0379448617,0.329831118560989
Val,GTC,Ctrl,2,154873.365317359,41105.5552889515,0.265413973569439
Val,GTC,XS1,1,93479.2620687656,23790.9262474122,0.254504857236796
Val,GTC,XS1,2,108549.836423822,30823.6821338367,0.28395880776355
Val,GTC,XS2,1,112086.731134287,32392.3230439506,0.288993377861493
Val,GTC,XS2,2,143115.761711327,50168.5389826575,0.350545169747622
Val,GTC,XS4,1,79272.1606194109,22056.4663463079,0.278237229488445
Val,GTC,XS4,2,92826.0592120242,31443.7294692429,0.338738170468081
Val,GTA,Ctrl,1,45138.917007499,10893.1615618085,0.241325275039249
Val,GTA,Ctrl,2,62227.0939097391,11309.5423948391,0.181746272953767
Val,GTA,XS1,1,42895.8616753799,8863.37014325839,0.206625296638942
Val,GTA,XS1,2,51506.7663610558,11472.0170906168,0.222728350100635
Val,GTA,XS2,1,49971.236441002,11568.5268476802,0.231503714368534
Val,GTA,XS2,2,53868.7832882942,17834.5449088397,0.331073839432999
Val,GTA,XS4,1,35428.1146793842,8036.58262923638,0.226841950297539
Val,GTA,XS4,2,47188.2878670798,13193.6704474569,0.279596294839535
Leu,CTT,Ctrl,1,38277.0752951982,6726.62651915718,0.175735122583961
Leu,CTT,Ctrl,2,31213.7411770358,3940.97009975197,0.126257537582562
Leu,CTT,XS1,1,106292.539628665,15231.4644008257,0.143297586585447
Leu,CTT,XS1,2,32539.7910607855,4667.27082357479,0.143432722565924
Leu,CTT,XS2,1,38997.6057941402,5579.14022991711,0.143063660353104
Leu,CTT,XS2,2,57744.2165993557,13208.5613580899,0.228742584729036
Leu,CTT,XS4,1,40292.151503599,7344.29724438509,0.182276125009832
Leu,CTT,XS4,2,45824.3948044604,9179.74381531365,0.200324387359287
Leu,CTC,Ctrl,1,27559.4942125427,4843.17109379317,0.175735122583961
Leu,CTC,Ctrl,2,22473.8936474658,2837.49847182142,0.126257537582562
Leu,CTC,XS1,1,76530.6285326387,10966.6543685945,0.143297586585448
Leu,CTC,XS1,2,23428.6495637656,3360.43499297385,0.143432722565924
Leu,CTC,XS2,1,28078.276171781,4016.98096554032,0.143063660353104
Leu,CTC,XS2,2,41575.8359515361,9510.16417782474,0.228742584729036
Leu,CTC,XS4,1,29010.3490825913,5287.89401595726,0.182276125009832
Leu,CTC,XS4,2,32993.5642592115,6609.41554702582,0.200324387359287
Leu,CTA,Ctrl,1,17981.7611818536,2868.14874385304,0.159503216333863
Leu,CTA,Ctrl,2,13427.1151120268,1477.86360429278,0.11006560917684
Leu,CTA,XS1,1,52294.4155044158,6833.57737650509,0.130675088546081
Leu,CTA,XS1,2,15676.4479055696,2038.17673733999,0.130015214519091
Leu,CTA,XS2,1,18604.179658838,2325.45801345466,0.124996536052582
Leu,CTA,XS2,2,26144.4781428796,5628.1536756799,0.215271218837187
Leu,CTA,XS4,1,17626.8915449213,3006.67687174849,0.17057328934521
Leu,CTA,XS4,2,18866.6088463525,3454.54165721999,0.183103475847376
Ile,ATT,Ctrl,1,14307.7417624901,1805.10491551215,0.126162810699065
Ile,ATT,Ctrl,2,13842.4904846798,1364.3815719618,0.0985647469631155
Ile,ATT,XS1,1,10487.6273139819,1171.66363600013,0.111718656748805
Ile,ATT,XS1,2,15153.1968629649,1524.54306232839,0.100608675259439
Ile,ATT,XS2,1,13469.7949393412,1486.49579448252,0.110357715256742
Ile,ATT,XS2,2,13273.0675242455,3126.27924264028,0.235535548729003
Ile,ATT,XS4,1,15302.9241509841,1944.06457984251,0.127038764661033
Ile,ATT,XS4,2,16127.810754195,2581.05439249266,0.160037492492359
Ile,ATC,Ctrl,1,10357.9865505449,1299.67553916875,0.125475692870095
Ile,ATC,Ctrl,2,9998.85728023656,982.354731812494,0.0982467000258307
Ile,ATC,XS1,1,7669.28863101005,843.597817920093,0.109996879568345
Ile,ATC,XS1,2,10976.7360000956,1097.67100487644,0.0999997635787986
Ile,ATC,XS2,1,9749.09005431524,1070.27697202741,0.10978224286211
Ile,ATC,XS2,2,9642.36228990168,2250.921054701,0.233440829853319
Ile,ATC,XS4,1,11112.850306772,1399.72649748661,0.125955669233989
Ile,ATC,XS4,2,11722.1969169776,1858.35916259472,0.158533351363787
Ile,ATA,Ctrl,1,822.681245610674,0.180510491551195,0.000219417292559286
Ile,ATA,Ctrl,2,745.703580154739,0.136438157196165,0.000182965672724614
Ile,ATA,XS1,1,917.328062200763,0.1171663636,0.000127725694250436
Ile,ATA,XS1,2,965.316605884033,0.152454306232822,0.000157931921302861
Ile,ATA,XS2,1,784.851753257095,0.148649579448235,0.000189398289334702
Ile,ATA,XS2,2,619.890422529161,0.312627924263993,0.000504327721322855
Ile,ATA,XS4,1,667.049867943974,0.194406457984229,0.000291442165461245
Ile,ATA,XS4,2,736.550010783381,0.258105439249238,0.000350424866567746
Arg,CGT,Ctrl,1,131421.275806246,55420.9919071336,0.42170486907189
Arg,CGT,Ctrl,2,143673.250172397,46710.4111477691,0.32511557364868
Arg,CGT,XS1,1,111066.361698683,44520.9152769871,0.400849677580779
Arg,CGT,XS1,2,96177.4494333267,43541.731588168,0.452722876773235
Arg,CGT,XS2,1,109009.071385156,47180.952073878,0.432816750701198
Arg,CGT,XS2,2,86913.66772998,48759.0392662503,0.561005426876391
Arg,CGT,XS4,1,120250.203436475,47089.5336096752,0.391596290600469
Arg,CGT,XS4,2,95266.8977603113,44901.4517493051,0.47132270290018
Arg,CGC,Ctrl,1,94623.3185804969,39903.1141731362,0.42170486907189
Arg,CGC,Ctrl,2,103444.740124126,33631.4960263938,0.32511557364868
Arg,CGC,XS1,1,79967.7804230515,32055.0589994307,0.400849677580779
Arg,CGC,XS1,2,69247.7635919952,31350.046743481,0.452722876773235
Arg,CGC,XS2,1,78486.531397312,33970.2854931922,0.432816750701198
Arg,CGC,XS2,2,62577.8407655856,35106.5082717002,0.561005426876391
Arg,CGC,XS4,1,86580.1464742617,33904.4641989662,0.391596290600469
Arg,CGC,XS4,2,68592.1663874241,32329.0452594996,0.47132270290018
Arg,CGA,Ctrl,1,68562.7550130716,15263.5347198399,0.22262137390672
Arg,CGA,Ctrl,2,72379.5304960416,10731.0514047846,0.148260859544696
Arg,CGA,XS1,1,58369.7771191657,9556.98644298239,0.163731761789516
Arg,CGA,XS1,2,63447.9550743116,11909.1946751411,0.187700212894061
Arg,CGA,XS2,1,62081.8138926705,11429.0172042687,0.184096057889475
Arg,CGA,XS2,2,53050.3534750985,14762.6285380212,0.278275780856968
Arg,CGA,XS4,1,63696.8321040295,13386.7326657459,0.210163240832491
Arg,CGA,XS4,2,62091.733499112,15379.6804545689,0.247692882576533
Ser,TCT,Ctrl,1,156406.766034774,39451.8912918406,0.252239032185278
Ser,TCT,Ctrl,2,146365.154335554,23066.3088430579,0.157594264480305
Ser,TCT,XS1,1,87304.8579936152,21702.4133705466,0.248581967479218
Ser,TCT,XS1,2,116224.352579289,21529.779289766,0.185243271414038
Ser,TCT,XS2,1,86299.3922827183,18196.9922139036,0.21085886855715
Ser,TCT,XS2,2,85265.743606663,33309.4488214585,0.390654527979224
Ser,TCT,XS4,1,107833.008531803,24439.4713058378,0.226641838511162
Ser,TCT,XS4,2,111755.795193349,33896.0559621484,0.30330468235231
Ser,TCC,Ctrl,1,112612.871545038,28405.3617301253,0.252239032185278
Ser,TCC,Ctrl,2,105382.911121599,16607.7423670017,0.157594264480305
Ser,TCC,XS1,1,62859.4977554029,15625.7376267935,0.248581967479218
Ser,TCC,XS1,2,83681.533857088,15501.4410886315,0.185243271414038
Ser,TCC,XS2,1,62135.5624435572,13101.8343940106,0.21085886855715
Ser,TCC,XS2,2,61391.3353967974,23982.8031514501,0.390654527979224
Ser,TCC,XS4,1,77639.7661428984,17596.4193402032,0.226641838511162
Ser,TCC,XS4,2,80464.172539211,24405.1602927469,0.30330468235231
Ser,TCA,Ctrl,1,74062.9938405982,12865.0624989929,0.173704326977136
Ser,TCA,Ctrl,2,67407.7560168614,6484.29566458271,0.0961950975338911
Ser,TCA,XS1,1,46390.4552972277,6829.14649315059,0.147210163155236
Ser,TCA,XS1,2,53832.0886687344,6644.01176069449,0.123421028702409
Ser,TCA,XS2,1,42602.3367235811,5527.7639439947,0.129752599719137
Ser,TCA,XS2,2,41604.2809131265,10580.8616761852,0.254321465098242
Ser,TCA,XS4,1,56458.355905337,8357.19844732056,0.14802411996079
Ser,TCA,XS4,2,56251.9133250883,11176.688356412,0.198689923519938
Ala,GCT,Ctrl,1,73969.3519565208,10397.6838424697,0.140567458919762
Ala,GCT,Ctrl,2,82699.4659557638,6572.90336190501,0.0794793930763819
Ala,GCT,XS1,1,101900.232027358,12648.362282164,0.124124960567001
Ala,GCT,XS1,2,87047.7887406499,10075.320955496,0.115744708754342
Ala,GCT,XS2,1,91494.6532663437,12325.2603003099,0.134710170051475
Ala,GCT,XS2,2,98355.9930557933,21372.3691940886,0.217296054160776
Ala,GCT,XS4,1,90807.1198601096,12887.3516203728,0.141920056931946
Ala,GCT,XS4,2,104362.09082594,17875.9802378931,0.171288061559704
Ala,GCC,Ctrl,1,53257.933408695,7486.33236657817,0.140567458919762
Ala,GCC,Ctrl,2,59543.6154881499,4732.49042057161,0.0794793930763819
Ala,GCC,XS1,1,73368.1670596975,9106.82084315806,0.124124960567001
Ala,GCC,XS1,2,62674.4078932679,7254.23108795713,0.115744708754342
Ala,GCC,XS2,1,65876.1503517675,8874.18741622313,0.134710170051475
Ala,GCC,XS2,2,70816.3150001712,15388.1058197438,0.217296054160776
Ala,GCC,XS4,1,65381.1262992789,9278.89316666839,0.141920056931946
Ala,GCC,XS4,2,75140.7053946771,12870.705771283,0.171288061559704
Ala,GCA,Ctrl,1,57856.4993471151,7624.01766419482,0.131774610462584
Ala,GCA,Ctrl,2,68794.5168297353,5159.5683338287,0.0749997030518944
Ala,GCA,XS1,1,67029.5650266678,8944.53275197944,0.133441605184531
Ala,GCA,XS1,2,62840.2482995953,6159.88871509734,0.0980245763150017
Ala,GCA,XS2,1,70676.5519129366,9060.18819760348,0.128192278094782
Ala,GCA,XS2,2,74076.8600549065,20855.716249934,0.281541580386582
Ala,GCA,XS4,1,69122.3492175658,9657.50435719539,0.13971608989732
Ala,GCA,XS4,2,87827.0162454211,16247.0007466797,0.184988645194089
Pro,CCT,Ctrl,1,46729.8958016777,4297.01256287203,0.0919542508955852
Pro,CCT,Ctrl,2,60588.2280599888,2792.80517354864,0.0460948481738642
Pro,CCT,XS1,1,65183.5404232602,4448.94183356588,0.0682525343771955
Pro,CCT,XS1,2,42732.9178255815,3768.68614520905,0.0881916409403941
Pro,CCT,XS2,1,39442.598179242,4351.11756418571,0.110315186246418
Pro,CCT,XS2,2,68655.1461027951,8571.56643501004,0.124849584067247
Pro,CCT,XS4,1,56845.3170154277,5557.37341782384,0.0977630825124183
Pro,CCT,XS4,2,61266.9744747979,7514.3649764413,0.122649519432893
Pro,CCC,Ctrl,1,33645.524977208,3093.84904526786,0.0919542508955852
Pro,CCC,Ctrl,2,43623.5242031919,2010.81972495502,0.0460948481738642
Pro,CCC,XS1,1,46932.1491047473,3203.23812016743,0.0682525343771955
Pro,CCC,XS1,2,30767.7008344187,2713.45402455052,0.0881916409403941
Pro,CCC,XS2,1,28398.6706890542,3132.80464621371,0.110315186246418
Pro,CCC,XS2,2,49431.7051940125,6171.52783320723,0.124849584067247
Pro,CCC,XS4,1,40928.628251108,4001.30886083316,0.0977630825124183
Pro,CCC,XS4,2,44112.2216218545,5410.34278303774,0.122649519432893
Pro,CCA,Ctrl,1,17603.3592137725,1549.09456020828,0.0879999403179991
Pro,CCA,Ctrl,2,22701.4550646751,1000.83477184163,0.044086811571783
Pro,CCA,XS1,1,20415.9120263378,1668.22735436581,0.0817121151488942
Pro,CCA,XS1,2,17830.8913998681,1475.77200117997,0.082764903228051
Pro,CCA,XS2,1,16525.9188651297,1749.54291598777,0.105866604469381
Pro,CCA,XS2,2,24031.9274254887,3152.0270936368,0.131159978882664
Pro,CCA,XS4,1,20594.8489854592,2011.1816202154,0.0976545941966061
Pro,CCA,XS4,2,19834.1828340721,2490.20229395198,0.125551040584046
Thr,ACT,Ctrl,1,11309.2785181091,1440.28683247659,0.127354439999892
Thr,ACT,Ctrl,2,7915.54943346446,907.859555179284,0.114693182426622
Thr,ACT,XS1,1,9713.94531870396,1893.52010929098,0.194928018139556
Thr,ACT,XS1,2,8239.02362634684,1417.26983382708,0.172019149125258
Thr,ACT,XS2,1,7772.80152577228,1682.30993507496,0.216435467893645
Thr,ACT,XS2,2,5874.01359608386,1868.84148767458,0.318154096361049
Thr,ACT,XS4,1,8660.40254205847,1448.31282840901,0.167233892578943
Thr,ACT,XS4,2,8314.95807878594,1996.01953613918,0.240051665591874
Thr,ACC,Ctrl,1,8142.68053303854,1037.00651938314,0.127354439999892
Thr,ACC,Ctrl,2,5699.19559209441,653.658879729084,0.114693182426622
Thr,ACC,XS1,1,6994.04062946685,1363.3344786895,0.194928018139556
Thr,ACC,XS1,2,5932.09701096972,1020.4342803555,0.172019149125258
Thr,ACC,XS2,1,5596.41709855604,1211.26315325397,0.216435467893645
Thr,ACC,XS2,2,4229.28978918038,1345.56587112569,0.318154096361049
Thr,ACC,XS4,1,6235.4898302821,1042.78523645449,0.167233892578943
Thr,ACC,XS4,2,5986.76981672587,1437.13406602021,0.240051665591874
Thr,ACA,Ctrl,1,6720.8901234462,622.486576304454,0.092619662704033
Thr,ACA,Ctrl,2,5257.63425867744,301.917315388432,0.057424556470457
Thr,ACA,XS1,1,6183.46227209572,381.703820721355,0.0617297888989928
Thr,ACA,XS1,2,5556.58259941232,439.152632199842,0.0790328631569858
Thr,ACA,XS2,1,7198.00174799419,688.24900705373,0.0956166768430584
Thr,ACA,XS2,2,6274.64054911821,957.89351233727,0.152661097450735
Thr,ACA,XS4,1,6624.70294494867,749.329989297507,0.113111485228009
Thr,ACA,XS4,2,7635.39996205636,1045.56321415189,0.136936273063331
Leu,TTG,Ctrl,1,52244.2763377759,10030.7746646091,0.191997580744672
Leu,TTG,Ctrl,2,48264.2691354083,7727.21387979073,0.160102162908788
Leu,TTG,XS1,1,68798.0802375862,7909.03851468616,0.114960162948926
Leu,TTG,XS1,2,52460.2388816357,7468.84527361669,0.142371545247219
Leu,TTG,XS2,1,37938.1020286551,5359.0294298926,0.141257183236126
Leu,TTG,XS2,2,57986.4375625251,15469.2470092598,0.26677353635632
Leu,TTG,XS4,1,51471.240179418,9390.0081530583,0.18243213336859
Leu,TTG,XS4,2,53302.4839531628,11629.7249887391,0.218183546548378
Val,GTG,Ctrl,1,170178.55163849,50115.4246230529,0.294487314297474
Val,GTG,Ctrl,2,261722.880806655,63601.8994222557,0.243012377161021
Val,GTG,XS1,1,157279.567982393,39509.7392708068,0.251207068900582
Val,GTG,XS1,2,181787.654072976,45540.052710869,0.250512351584601
Val,GTG,XS2,1,190045.13793478,52101.2142757852,0.274151787527789
Val,GTG,XS2,2,237297.586845717,86996.7150644296,0.366614411131757
Val,GTG,XS4,1,141602.980032578,36519.7358033257,0.257902311059582
Val,GTG,XS4,2,173377.807467173,54185.6766898571,0.312529483914004
Leu,CTG,Ctrl,1,46951.0247420381,9362.33095779828,0.199406317737206
Leu,CTG,Ctrl,2,37636.9669680638,6240.11486461918,0.165797495582312
Leu,CTG,XS1,1,104006.322326936,15997.7746647144,0.153815405706074
Leu,CTG,XS1,2,46895.5485834109,7579.49011258809,0.161624937580308
Leu,CTG,XS2,1,46619.170178827,7373.65657947728,0.158167907133323
Leu,CTG,XS2,2,82620.0850170319,18024.0865939593,0.218156233925972
Leu,CTG,XS4,1,52840.2235997207,10715.8142750995,0.202796535387033
Leu,CTG,XS4,2,57892.1390632366,13226.8590541375,0.228474180919271
Met,ATG,Ctrl,1,64446.0321198826,8062.45325519062,0.125103951166347
Met,ATG,Ctrl,2,93438.5444638684,7712.71992687448,0.0825432370669783
Met,ATG,XS1,1,73814.8976769055,5900.35936871602,0.0799345329250801
Met,ATG,XS1,2,92681.7620242612,9401.42442374026,0.101437696245776
Met,ATG,XS2,1,77572.3181478114,9062.94137105408,0.116832158525738
Met,ATG,XS2,2,87195.4866380255,14545.1957578677,0.166811337589629
Met,ATG,XS4,1,84747.4087806316,12043.7773349264,0.142113812188661
Met,ATG,XS4,2,95278.7350985022,15696.5782397143,0.164743772295955
Trp,TGG,Ctrl,1,52046.5298283456,3171.30301297197,0.0609320741158197
Trp,TGG,Ctrl,2,82517.1712774711,3485.36112076097,0.0422380101838579
Trp,TGG,XS1,1,59232.5668728624,2693.06567663197,0.0454659627095412
Trp,TGG,XS1,2,74539.7625187498,3671.99289841299,0.0492622028073852
Trp,TGG,XS2,1,74415.1825578007,4497.28361916232,0.0604350276997457
Trp,TGG,XS2,2,65496.6248664378,6716.72826878228,0.102550754065254
Trp,TGG,XS4,1,91891.8124278359,6369.46523065216,0.069314828626916
Trp,TGG,XS4,2,92778.9980727122,8269.00534775527,0.0891258314869356
Gly,GGG,Ctrl,1,183056.784099484,56994.3135537876,0.311347726521917
Gly,GGG,Ctrl,2,211138.355687361,60466.4381661212,0.286383011600486
Gly,GGG,XS1,1,301399.560656365,90269.2762000394,0.299500357609871
Gly,GGG,XS1,2,142753.882503566,41074.8352629514,0.287731825871182
Gly,GGG,XS2,1,157838.578006134,49745.3399140277,0.315165915344818
Gly,GGG,XS2,2,193057.272533403,93856.5767009843,0.486159239014139
Gly,GGG,XS4,1,193292.815398851,63795.8861675867,0.330047891516023
Gly,GGG,XS4,2,220249.734648164,89128.9284116918,0.404672126184715
Ser,TCG,Ctrl,1,84814.0301790785,17198.3250914674,0.202776887917652
Ser,TCG,Ctrl,2,69661.890342946,9505.85516566963,0.1364570372534
Ser,TCG,XS1,1,58305.4541058219,10200.8713700745,0.174955697138733
Ser,TCG,XS1,2,71789.8385772929,10271.2528361398,0.143073909061394
Ser,TCG,XS2,1,52930.9502050896,8251.79988260445,0.155897444701663
Ser,TCG,XS2,2,50060.5434862869,14633.0682356655,0.292307418509628
Ser,TCG,XS4,1,68651.7421722204,13066.3599847388,0.190328163150768
Ser,TCG,XS4,2,63571.3027804002,15877.0324970529,0.249751567179586
Arg,CGG,Ctrl,1,109612.819586408,21162.2011996621,0.19306319534076
Arg,CGG,Ctrl,2,125800.404315702,16869.2774070356,0.134095573848089
Arg,CGG,XS1,1,95805.9133825625,14835.1034517111,0.154845384047153
Arg,CGG,XS1,2,87390.7218569546,14654.3463478177,0.167687667940364
Arg,CGG,XS2,1,90255.8667900393,15185.7283288189,0.168251980385332
Arg,CGG,XS2,2,81981.550243684,22029.3334052067,0.268710866526995
Arg,CGG,XS4,1,104919.462883724,21557.5874698662,0.2054679549185
Arg,CGG,XS4,2,101137.867529518,23003.1516895084,0.227443511035022
Arg,AGG,Ctrl,1,111119.480151186,22586.395954565,0.20326225360157
Arg,AGG,Ctrl,2,145129.34784362,22388.2660327908,0.154264222677515
Arg,AGG,XS1,1,100598.909000238,17182.5164919751,0.170802215081024
Arg,AGG,XS1,2,94546.6500730066,17520.4517696559,0.185310127393483
Arg,AGG,XS2,1,90215.8476103047,16820.0618531164,0.186442430001568
Arg,AGG,XS2,2,83858.8462986001,24861.4102477451,0.296467353715074
Arg,AGG,XS4,1,111969.207645624,23489.6692086652,0.209786866430355
Arg,AGG,XS4,2,100794.975868809,24765.2676541711,0.245699425399979
Ala,GCG,Ctrl,1,53145.1454558189,6438.6729687424,0.121152607891441
Ala,GCG,Ctrl,2,64523.5333559909,4368.26963457468,0.0677004095617943
Ala,GCG,XS1,1,59561.7779904779,8520.79175368416,0.143058048989847
Ala,GCG,XS1,2,62613.1986716556,5520.70099993656,0.0881715216129939
Ala,GCG,XS2,1,71686.2843348704,9172.81367985939,0.127957722526253
Ala,GCG,XS2,2,71886.5103619947,22895.8216965484,0.318499556888396
Ala,GCG,XS4,1,69519.9532397283,9419.69550254761,0.135496286513101
Ala,GCG,XS4,2,89390.4107621744,17067.5633696323,0.190932821810619
Pro,CCG,Ctrl,1,26977.0134714895,2269.54584638715,0.0841288769339015
Pro,CCG,Ctrl,2,38596.8270747744,1550.37289041003,0.0401684026359591
Pro,CCG,XS1,1,30347.9434064248,2004.23762214218,0.0660419586032927
Pro,CCG,XS1,2,28840.8971097307,2059.49337578709,0.07140878343525
Pro,CCG,XS2,1,24738.1211403132,2345.41558048248,0.0948097701995807
Pro,CCG,XS2,2,32570.4799256504,4070.84019714592,0.124985576093399
Pro,CCG,XS4,1,32253.4013392628,2907.2541761374,0.0901379096597275
Pro,CCG,XS4,2,31678.9403597435,3517.43371659188,0.111033818576259
Thr,ACG,Ctrl,1,42287.7718643206,4117.97965192771,0.0973799155259388
Thr,ACG,Ctrl,2,37595.9885221702,2173.40628950798,0.0578095263601415
Thr,ACG,XS1,1,27536.6056769942,2374.91655299602,0.0862457988051948
Thr,ACG,XS1,2,32700.3580378429,2962.79677661723,0.0906044139696727
Thr,ACG,XS2,1,36271.1987249685,3905.5823424106,0.107677233719934
Thr,ACG,XS2,2,22106.4005721714,3882.16083946618,0.175612525738506
Thr,ACG,XS4,1,43150.1414691442,4615.79153586866,0.106970484422845
Thr,ACG,XS4,2,39098.1516176182,5372.66009460387,0.137414682595452
Glu,GAG,Ctrl,1,612285.522437021,56885.7291990736,0.0929071929916892
Glu,GAG,Ctrl,2,768532.861063209,68820.7505212844,0.0895482210429831
Glu,GAG,XS1,1,423446.887006762,57913.1231711582,0.13676596746414
Glu,GAG,XS1,2,425583.933293997,43731.3092482182,0.102756015504956
Glu,GAG,XS2,1,430300.765630579,57634.8795595984,0.133940917988231
Glu,GAG,XS2,2,403420.279955213,83242.050725467,0.206340768824781
Glu,GAG,XS4,1,602562.845373498,79823.8529780669,0.132473904740323
Glu,GAG,XS4,2,451330.613154321,78839.0093781665,0.174681280374858
Gln,CAG,Ctrl,1,200195.568031886,21313.1693029991,0.106461743946322
Gln,CAG,Ctrl,2,226937.84127909,21062.8583524618,0.092813337051878
Gln,CAG,XS1,1,131514.102466295,13277.4627731594,0.100958471556784
Gln,CAG,XS1,2,205394.380588984,21855.951360674,0.106409685104337
Gln,CAG,XS2,1,196773.221898022,24342.892369257,0.123710391761907
Gln,CAG,XS2,2,103433.796587774,22032.2101701746,0.21300784556891
Gln,CAG,XS4,1,161888.60194737,26172.7329394474,0.161671251864638
Gln,CAG,XS4,2,153783.183639672,30025.4003261011,0.195245017143443
Lys,AAG,Ctrl,1,467635.205980582,74207.8417160927,0.158687457161157
Lys,AAG,Ctrl,2,635480.739500362,90663.7454850293,0.142669541104129
Lys,AAG,XS1,1,278819.512697479,51737.2589345887,0.185558243158986
Lys,AAG,XS1,2,344390.22882185,50628.7619031633,0.147009867487713
Lys,AAG,XS2,1,340845.40297493,57170.6214771758,0.167731824980432
Lys,AAG,XS2,2,341830.668238534,123857.531014372,0.362335923960872
Lys,AAG,XS4,1,430167.935493962,85055.4573657318,0.19772616773043
Lys,AAG,XS4,2,350194.577838888,81423.5015912939,0.232509315517597
Phe,TTT,Ctrl,1,14743.1803652334,1297.9118976045,0.0880347296479649
Phe,TTT,Ctrl,2,11948.366657253,781.130638684054,0.0653755162601981
Phe,TTT,XS1,1,6728.02395974549,582.959323127036,0.0866464398187263
Phe,TTT,XS1,2,13861.857639001,1045.85744291047,0.075448577683261
Phe,TTT,XS2,1,9372.46979491177,846.263507283183,0.090292476348402
Phe,TTT,XS2,2,6649.8694089685,1213.25685026797,0.182448222010448
Phe,TTT,XS4,1,7646.46706264724,758.904785271591,0.0992490752989465
Phe,TTT,XS4,2,10676.5101358705,1381.57716439285,0.129403442399319
Phe,TTC,Ctrl,1,33583.5543627184,2956.51912893965,0.0880347296479649
Phe,TTC,Ctrl,2,27217.2361213053,1779.34086260605,0.0653755162601981
Phe,TTC,XS1,1,15325.7948969145,1327.92556520965,0.0866464398187263
Phe,TTC,XS1,2,31575.9855102528,2382.36319569583,0.075448577683261
Phe,TTC,XS2,1,21349.5895100496,1927.70730588424,0.090292476348402
Phe,TTC,XS2,2,15147.7663074453,2763.68303022316,0.182448222010448
Phe,TTC,XS4,1,17417.9204160529,1728.7124949239,0.0992490752989465
Phe,TTC,XS4,2,24320.0686466298,3147.10060226163,0.129403442399319
Cys,TGT,Ctrl,1,23283.3460859028,4248.24454955163,0.182458506345176
Cys,TGT,Ctrl,2,15325.623679757,2062.6014280868,0.134585154326294
Cys,TGT,XS1,1,23463.6256859976,4077.56181680584,0.173782256475359
Cys,TGT,XS1,2,19719.5031942432,3476.02406505351,0.176273409670294
Cys,TGT,XS2,1,22714.1501207355,4414.83028849726,0.194364757872539
Cys,TGT,XS2,2,28086.1965671973,8221.32706658437,0.292717707323401
Cys,TGT,XS4,1,28568.6078558639,6198.60253312252,0.216972509279979
Cys,TGT,XS4,2,33215.93483313,9088.38546970847,0.273615224601284
Cys,TGC,Ctrl,1,53037.2348198241,9677.09464590349,0.182458506345176
Cys,TGC,Ctrl,2,34910.304509697,4698.40872001549,0.134585154326294
Cys,TGC,XS1,1,53447.8945011334,9288.29571026387,0.173782256475359
Cys,TGC,XS1,2,44919.1416725359,7918.0502620809,0.176273409670294
Cys,TGC,XS2,1,51740.660867279,10056.5610216338,0.194364757872539
Cys,TGC,XS2,2,63977.6687179892,18727.3965070259,0.292717707323401
Cys,TGC,XS4,1,65076.5554803278,14119.8235378645,0.216972509279979
Cys,TGC,XS4,2,75662.7217155581,20702.4725961469,0.273615224601284
Gly,GGT,Ctrl,1,35150.941108929,8616.78357199821,0.245136639309193
Gly,GGT,Ctrl,2,34315.6313133732,8102.64117172265,0.236120999719593
Gly,GGT,XS1,1,149078.696003365,38900.1597206515,0.260937080639432
Gly,GGT,XS1,2,27835.5848442456,6405.67484446041,0.230125390944844
Gly,GGT,XS2,1,32639.6018071886,7958.18372205754,0.243819877738362
Gly,GGT,XS2,2,58277.7045688775,22120.135316604,0.379564285866143
Gly,GGT,XS4,1,42232.373019016,12541.4835918166,0.296963743575799
Gly,GGT,XS4,2,49810.0070159929,18274.8014577307,0.36689016028171
Gly,GGC,Ctrl,1,80070.480885943,19628.2085922511,0.245136639309193
Gly,GGC,Ctrl,2,78167.7250874106,18457.0413934457,0.236120999719593
Gly,GGC,XS1,1,339587.006841378,88610.8421882722,0.260937080639432
Gly,GGC,XS1,2,63406.7991896256,14591.5144520738,0.230125390944844
Gly,GGC,XS2,1,74349.8902213863,18127.981143639,0.243819877738362
Gly,GGC,XS2,2,132751.035464414,50387.5519740411,0.379564285866143
Gly,GGC,XS4,1,96201.3052824966,28568.2997535685,0.296963743575799
Gly,GGC,XS4,2,113462.430560348,41628.2493342386,0.36689016028171
Ser,AGT,Ctrl,1,119520.205713295,21348.9115880201,0.178621777469426
Ser,AGT,Ctrl,2,121200.547555657,11399.0625327124,0.0940512461585854
Ser,AGT,XS1,1,68230.7519185766,11067.2326697359,0.162203000238705
Ser,AGT,XS1,2,77402.6636459186,9740.43766683599,0.125841117191961
Ser,AGT,XS2,1,78956.024480529,11338.5196600995,0.143605503629373
Ser,AGT,XS2,2,50597.1971419325,20294.1704468917,0.401092779704054
Ser,AGT,XS4,1,93048.8394939384,15710.2869491778,0.168839149790807
Ser,AGT,XS4,2,77036.5312766469,15181.6684676398,0.197071028719099
Ser,AGC,Ctrl,1,272255.593879943,48630.7781048295,0.178621777469426
Ser,AGC,Ctrl,2,276083.251835209,25965.9738786159,0.0940512461585854
Ser,AGC,XS1,1,155423.125099263,25210.0971975761,0.162203000238705
Ser,AGC,XS1,2,176315.862519177,22187.7851180774,0.125841117191961
Ser,AGC,XS2,1,179854.26988731,25828.0630070604,0.143605503629373
Ser,AGC,XS2,2,115255.574355199,46228.1786945141,0.401092779704054
Ser,AGC,XS4,1,211956.354200315,35786.5306359403,0.168839149790807
Ser,AGC,XS4,2,175481.848010585,34582.3883089746,0.197071028719099
Tyr,TAT,Ctrl,1,5200.92864931907,249.537518061774,0.0479794157711517
Tyr,TAT,Ctrl,2,3755.66117068368,83.3783820449061,0.022200719994591
Tyr,TAT,XS1,1,2675.46314484348,167.484851763877,0.0626003210272873
Tyr,TAT,XS1,2,7244.38512887624,258.075335987793,0.0356241877532298
Tyr,TAT,XS2,1,5983.14059364652,284.869459278865,0.0476120283018866
Tyr,TAT,XS2,2,1632.45513122018,200.256217124633,0.12267180475273
Tyr,TAT,XS4,1,6202.87978716797,215.377641492951,0.034722201442386
Tyr,TAT,XS4,2,4516.06392254156,222.775616751349,0.0493295977586551
Tyr,TAC,Ctrl,1,11847.2178799979,568.422592395841,0.0479794157711517
Tyr,TAC,Ctrl,2,8555.03683527035,189.927977323249,0.022200719994591
Tyr,TAC,XS1,1,6094.44907709221,381.514468710427,0.0626003210272873
Tyr,TAC,XS1,2,16502.016238898,587.87092480135,0.0356241877532298
Tyr,TAC,XS2,1,13629.0218534089,648.905374211537,0.0476120283018866
Tyr,TAC,XS2,2,3718.57660870199,456.164503700759,0.12267180475273
Tyr,TAC,XS4,1,14129.5667133667,490.609661715149,0.034722201442386
Tyr,TAC,XS4,2,10287.1615547644,507.461541574827,0.0493295977586551
Asp,GAT,Ctrl,1,42311.1722265627,2001.75002477221,0.0473102001063332
Asp,GAT,Ctrl,2,40098.3114616034,1805.99132115,0.0450390865680054
Asp,GAT,XS1,1,42622.7475322176,2367.1128389922,0.0555363737920216
Asp,GAT,XS1,2,41795.4668061433,1948.50122873093,0.0466199178434474
Asp,GAT,XS2,1,44898.6899928735,2511.2004450928,0.0559303722556579
Asp,GAT,XS2,2,44816.5026229971,3144.29883537611,0.0701593977965306
Asp,GAT,XS4,1,51823.3725181012,3245.46517677922,0.0626255108280655
Asp,GAT,XS4,2,43727.7356134104,3128.98036268474,0.0715559659971312
Asp,GAC,Ctrl,1,96380.8023384117,4559.7950450392,0.0473102001063332
Asp,GAC,Ctrl,2,91340.1172246092,4113.87544681093,0.0450390865680054
Asp,GAC,XS1,1,97090.5410756664,5392.05658084783,0.0555363737920216
Asp,GAC,XS1,2,95206.0747292558,4438.49938207501,0.0466199178434474
Asp,GAC,XS2,1,102274.920257115,5720.27436239817,0.0559303722556579
Asp,GAC,XS2,2,102087.705291565,7162.4119256859,0.0701593977965306
Asp,GAC,XS4,1,118048.684551484,7392.85917261782,0.0626255108280655
Asp,GAC,XS4,2,99607.5982082243,7127.5179104436,0.0715559659971312
His,CAT,Ctrl,1,5127.72048155964,895.372682010323,0.174614175095985
His,CAT,Ctrl,2,6151.1128357484,730.990078271466,0.118838671601531
His,CAT,XS1,1,7456.65463964133,1144.3104534968,0.153461640480622
His,CAT,XS1,2,4973.21141023689,669.225855190987,0.134566138454008
His,CAT,XS2,1,6698.84203700504,1195.30794382615,0.178435009696176
His,CAT,XS2,2,5849.36877140485,1524.07595485842,0.260553918622638
His,CAT,XS4,1,3630.12826276874,742.547907187592,0.20455142447811
His,CAT,XS4,2,3572.31772459999,908.642905702906,0.254356688221133
His,CAC,Ctrl,1,11680.4566778124,2039.5733075406,0.174614175095985
His,CAC,Ctrl,2,14011.6465506797,1665.12546303295,0.118838671601531
His,CAC,XS1,1,16985.5458761762,2606.62973461686,0.153461640480622
His,CAC,XS1,2,11328.4997955282,1524.43247196125,0.134566138454008
His,CAC,XS2,1,15259.3212688042,2722.79713855615,0.178435009696176
His,CAC,XS2,2,13324.3024405577,3471.69921380049,0.260553918622638
His,CAC,XS4,1,8269.08488102219,1691.45309154349,0.20455142447811
His,CAC,XS4,2,8137.39800592252,2069.8016075237,0.254356688221133
Asn,AAT,Ctrl,1,1945.13314552254,400.48160739521,0.205889045856357
Asn,AAT,Ctrl,2,1732.9887272717,239.574435866377,0.138243505047807
Asn,AAT,XS1,1,2293.25412415155,399.218810412511,0.174083982323683
Asn,AAT,XS1,2,1953.84074112647,310.352992804264,0.158842522971106
Asn,AAT,XS2,1,1991.88134297622,385.802927731829,0.193687705892848
Asn,AAT,XS2,2,1305.85925878916,390.225682467559,0.298826753221009
Asn,AAT,XS4,1,1835.44049900786,379.136702195711,0.206564420040122
Asn,AAT,XS4,2,1607.1023954892,373.476769259615,0.232391396035428
Asn,AAC,Ctrl,1,4430.8272107575,912.258786777243,0.205889045856357
Asn,AAC,Ctrl,2,3947.582522259,545.727644342545,0.138243505047807
Asn,AAC,XS1,1,5223.81349465046,909.382256064945,0.174083982323683
Asn,AAC,XS1,2,4450.66228047032,706.954425522243,0.158842522971106
Asn,AAC,XS2,1,4537.31513206428,878.822158842435,0.193687705892848
Asn,AAC,XS2,2,2974.6224573785,888.896770996718,0.298826753221009
Asn,AAC,XS4,1,4180.95785650993,863.637134842166,0.206564420040122
Asn,AAC,XS4,2,3660.8255022533,850.744349110741,0.232391396035428
Leu,TTA,Ctrl,1,20964.3934984101,2830.43130656258,0.135011361372187
Leu,TTA,Ctrl,2,17293.5331710588,1700.32272644337,0.0983213036702594
Leu,TTA,XS1,1,22626.7427212107,1643.05159121441,0.0726154715001987
Leu,TTA,XS1,2,21027.1085291608,2051.05160193013,0.0975432070979085
Leu,TTA,XS2,1,14421.5703677323,1405.13363698256,0.097432776123084
Leu,TTA,XS2,2,20911.9182953081,2750.86947271887,0.131545534650261
Leu,TTA,XS4,1,19521.6098857845,2545.93359651837,0.130416170152662
Leu,TTA,XS4,2,22698.3533144773,3437.77105196134,0.151454645380319
Gly,GGA,Ctrl,1,201330.978711712,101783.26369437,0.505551924227791
Gly,GGA,Ctrl,2,269717.498372788,112239.00348402,0.416135416356599
Gly,GGA,XS1,1,184326.922113359,86794.7910867716,0.470874195107505
Gly,GGA,XS1,2,151851.096758076,67668.4037023149,0.445623411005862
Gly,GGA,XS2,1,195509.363164534,90719.9366937883,0.464018373470131
Gly,GGA,XS2,2,185079.791267217,106757.42406091,0.576818372929617
Gly,GGA,XS4,1,171292.165285403,81201.2823331662,0.474051350789283
Gly,GGA,XS4,2,193597.092777675,103716.122431895,0.535731817786137
Arg,AGA,Ctrl,1,37249.6111139906,9180.80004209071,0.246467003749268
Arg,AGA,Ctrl,2,32435.0572804848,4374.50943606956,0.134869792220209
Arg,AGA,XS1,1,30345.0738958909,6813.56940924744,0.224536260238605
Arg,AGA,XS1,2,51948.362258358,10485.6643842406,0.201847833663967
Arg,AGA,XS2,1,48096.343997868,10574.3619194877,0.219857915186993
Arg,AGA,XS2,2,39809.3090572571,15369.4589755482,0.386077009109666
Arg,AGA,XS4,1,60430.0152971835,11219.7016922686,0.185664386101712
Arg,AGA,XS4,2,61718.3373266854,14463.4153321858,0.23434551153944
Glu,GAA,Ctrl,1,83361.7732150994,8509.46920877923,0.102078793199638
Glu,GAA,Ctrl,2,59489.8007013313,5141.08524478016,0.0864196078011926
Glu,GAA,XS1,1,54654.3932483374,6257.4581989689,0.114491403655995
Glu,GAA,XS1,2,60815.6256283767,6945.73042844899,0.114209635380419
Glu,GAA,XS2,1,73140.4752514936,8626.0811449468,0.11793854381293
Glu,GAA,XS2,2,76836.2534715226,12766.6121323629,0.166153495980833
Glu,GAA,XS4,1,108197.191026563,13343.6870944262,0.123327481682498
Glu,GAA,XS4,2,93694.0757815561,13150.8438538705,0.140359395662659
Gln,CAA,Ctrl,1,13408.1385950786,1538.68702649093,0.114757691053082
Gln,CAA,Ctrl,2,10789.7482749145,1046.68251843954,0.097007130451135
Gln,CAA,XS1,1,8618.3140239458,1000.57844338133,0.116099093233462
Gln,CAA,XS1,2,14449.5141044521,1720.20377770684,0.119049247280697
Gln,CAA,XS2,1,17161.8395021736,2204.21856229832,0.128437197074308
Gln,CAA,XS2,2,9531.68866109805,2467.10959331352,0.258832372838887
Gln,CAA,XS4,1,18854.6560620475,3100.06605587636,0.164419125211012
Gln,CAA,XS4,2,17817.7673116841,3516.95180664099,0.197384540112089
Lys,AAA,Ctrl,1,5174.97666137036,797.380680434234,0.154083918172316
Lys,AAA,Ctrl,2,5581.24569353909,622.14528810691,0.111470686342856
Lys,AAA,XS1,1,4578.17362452513,536.99600361587,0.117294809602502
Lys,AAA,XS1,2,4884.62708332796,677.55373910877,0.138711456893275
Lys,AAA,XS2,1,4797.47998023887,650.422014485155,0.135575764185423
Lys,AAA,XS2,2,3384.21519237683,657.528545024292,0.194292770301788
Lys,AAA,XS4,1,4527.2882681935,685.234564389694,0.15135651272834
Lys,AAA,XS4,2,3836.84157448311,721.163628300246,0.187957624598404
