Gene	Ctrl_1	Ctrl_2	X1_1	X1_2	X2_1	X2_2	X4_1	X4_2
Ala-AGC	0.767616265511274	0.815002739804015	0.760196655561665	0.796695570658542	0.718386853543866	0.75696423307458	0.712829679059422	0.767707187408222
Ala-TGC	0.817219643753136	0.862300960512273	0.802870719639445	0.843937550689375	0.765804412795104	0.810848151880628	0.766464385714732	0.817435879285529
Ala-CGC	0.797067233283492	0.853378471742435	0.802456322435565	0.841092935466475	0.750443207586065	0.809385486051986	0.743896695784277	0.816534646762127
Arg-ACG	0.785660544062731	0.815436914253456	0.756236466644914	0.791968870771348	0.71907568094288	0.776852726969478	0.71964548951929	0.794264413789351
Arg-CCT	0.754363005738028	0.813623276915024	0.770635553300964	0.805004003856776	0.740714681965172	0.784635576464171	0.748490961345245	0.777215043987143
Arg-CCG	0.827972810544204	0.857157651878233	0.817089910775566	0.846935662255444	0.794146088010738	0.825912072627483	0.790949032639323	0.833254275531397
Arg-TCG	0.804717607973422	0.845302558825211	0.790648909039388	0.826517642786531	0.758762886597938	0.808373553795349	0.757336548523591	0.805079839230724
Arg-TCT	0.832387550052817	0.873957606259873	0.817383669885865	0.864555957752764	0.788072440075582	0.837882367570256	0.794488899584863	0.842944420873992
Asn-GTT	0.634596695821186	0.713846153846154	0.696245733788396	0.685997171145686	0.649142857142857	0.62063227953411	0.617892342683851	0.656744775174161
Asp-GTC	0.446174410723699	0.644389391036187	0.576749090167001	0.551036800042837	0.428117098609355	0.53771421817752	0.400503839796024	0.461217155803234
Cys-GCA	0.772428006054969	0.78977654341157	0.762759089364594	0.779466056445462	0.704187396351575	0.760091252877343	0.705606042723947	0.75755655908592
Gln-CTG	0.731409817245913	0.768188983838155	0.723213143281214	0.7614815755229	0.699895789802212	0.743175278671083	0.676410507634858	0.719113202856072
Gln-TTG	0.766172873063332	0.802295081967213	0.772902232486528	0.788797305681113	0.728879924062648	0.76693558714304	0.71899746290459	0.747287773781326
Glu-CTC	0.695632431159106	0.794256116100114	0.679548474927879	0.71259459171757	0.579910897109741	0.654349648750619	0.534485270180745	0.606809669396302
Glu-TTC	0.643308700106817	0.767612311825833	0.641585468543245	0.678917313364152	0.562992125984252	0.66882893046285	0.537452225065639	0.632532251467483
Gly-TCC	0.725163845324601	0.803227430105395	0.743311589670271	0.775074303561533	0.695010857201944	0.760946491062294	0.705392986088318	0.767716029209281
Gly-CCC	0.780298041137641	0.8208475805616	0.810151650796235	0.783670762734802	0.712952344546381	0.78120508766887	0.737719311917788	0.778377600230332
Gly-GCC	0.704262897590635	0.723523460034129	0.762749985395206	0.673041729512318	0.683149009286659	0.668305876567495	0.60613260579532	0.629686843019323
His-GTG	0.456149856800062	0.474169355176604	0.518640139076685	0.446627006398024	0.464332980412917	0.523779327837666	0.421762198834479	0.470337364735837
Ile-AAT	0.811493086388431	0.855319509816393	0.799310128566949	0.827852998065764	0.741646598434678	0.799835856283057	0.731758231331246	0.809606705351386
Ile-TAT	0.711978465679677	0.816131830008673	0.808764940239044	0.79382889200561	0.677233429394813	0.759139784946237	0.712727272727273	0.797727272727273
Ile-GAT	0.741935483870968	0.8	0.87037037037037	0.776315789473684	0.723684210526316	0.830188679245283	0.762886597938144	0.862179487179487
Leu-CAG	0.599218715709081	0.662968563190098	0.702000979764103	0.610957907815388	0.541213295573111	0.576663374192399	0.531881212231913	0.594729074845941
Leu-AAG	0.654798688025859	0.693995054084156	0.757537102143679	0.637952068002046	0.657911178216275	0.607959782153331	0.596626731090475	0.654259004736645
Leu-CAA	0.60060689545028	0.7221295773095	0.729683214112838	0.638493070466523	0.556442035384756	0.634098082630612	0.539315625747787	0.635350587599013
Leu-TAG	0.642601253856105	0.681767047421253	0.765610350646915	0.628927800431758	0.666451195862961	0.619089076246334	0.595555376625468	0.660850245210936
Leu-TAA	0.609927548732103	0.727811653116531	0.704898967873237	0.644140342416204	0.544246239944036	0.630173947987829	0.554848674291178	0.663774650453158
Lys-CTT	0.774005833193112	0.815142581822198	0.764874418604651	0.798685047558462	0.732078791972092	0.781504740051929	0.711140427320104	0.770684163157232
Lys-TTT	0.800143138307389	0.865702036441586	0.780911062906725	0.826730058108822	0.768605645851155	0.773695811903013	0.728164709667042	0.785117171440318
Met-CAT	0.78908976486069	0.855189393939394	0.783291344250495	0.831124683902884	0.736004412402001	0.802626453731011	0.735859849228641	0.824797843665768
Phe-GAA	0.777837779457825	0.844090889492519	0.78252427184466	0.809124617120748	0.735977982347917	0.784045765135865	0.738427839312283	0.81642738465471
Pro-AGG	0.628547028453864	0.639962970181251	0.683468559837728	0.625340232704214	0.607198868749197	0.659904407859798	0.608739295062387	0.649590651221252
Pro-CGG	0.6604086140254	0.684220442769666	0.695091514143095	0.682084115244508	0.632197108106697	0.686913604378421	0.637120828409027	0.677429936240441
Pro-TGG	0.68422182852848	0.695403379630873	0.70728813559322	0.692393156062514	0.653004603064506	0.70408910269818	0.647975870339414	0.693861440043555
SeC-TCA	0.646108822891827	0.723649769585254	0.674393530997305	0.653314659197012	0.622862571247625	0.656655637566811	0.604730757529662	0.649728309547979
Ser-GCT	0.643782216713065	0.699071218265895	0.665508834760847	0.675696628715722	0.637368168195649	0.662576488140284	0.65754330337981	0.67658010469313
Ser-AGA	0.688189541840168	0.781121322791668	0.695817633760362	0.731267932628075	0.672034761832258	0.696668232213256	0.678527550012019	0.716801520877287
Ser-TGA	0.676083738116504	0.775066072378693	0.701220377465588	0.727821578237091	0.661735723613914	0.706811019026497	0.677815351240988	0.707987126165423
Ser-CGA	0.626124120737245	0.711644196270037	0.655237950433328	0.685125804564073	0.615336948102246	0.644277376595113	0.648459343794579	0.667707882076655
Thr-CGT	0.741362958948652	0.772685594524675	0.731131466907496	0.762128132329342	0.743307227301152	0.76168448876607	0.71099483793939	0.734792017311854
Thr-AGT	0.62829899540269	0.672166087780234	0.632293577981651	0.648617320748468	0.605929763960852	0.62725	0.58292962212631	0.622352081811541
Thr-TGT	0.741402471789361	0.774627529464087	0.712401055408971	0.748805460750853	0.715225300867618	0.740462427745665	0.685068463377527	0.71581442600745
Trp-CCA	0.816334389385797	0.870929560995087	0.804601533844615	0.851693392432358	0.721068733428513	0.803054083497978	0.717341529968949	0.864472675807363
Tyr-GTA	0.819458222052652	0.838731767445046	0.821829855537721	0.85149580865954	0.787114431540794	0.77498388136686	0.694758269720102	0.792919641959167
Val-CAC	0.727292463679677	0.855324437180956	0.772594685224741	0.814166126092732	0.721937105447744	0.815760290742998	0.721875173678653	0.815219034473693
Val-AAC	0.707351098436449	0.840760671811862	0.764347384459116	0.800541317770447	0.711699445613441	0.799604402538619	0.706028401402993	0.792342788969231
Val-TAC	0.819886637723107	0.874299250646483	0.81368412978446	0.853167247472875	0.786333441348023	0.840975718921338	0.786609431582374	0.843425130222642
iMet-CAT	0.703533563955687	0.775349370721408	0.68492378412368	0.743253121914825	0.598673603490089	0.71294607797463	0.597695619456472	0.761825893133552
