tRNA_isodecoder	Ctrl_1	Ctrl_2	X1_1	X1_2	X2_1	X2_2	X4_1	X4_2
Ala-AGC-1	0.727962638645651	0.771385692846423	0.740976645435244	0.765027322404372	0.6875	0.724858944573515	0.664177113897039	0.707049180327869
Ala-AGC-10	0.793991416309013	0.806153846153846	0.756756756756757	0.777027027027027	0.725490196078431	0.746753246753247	0.756972111553785	0.752336448598131
Ala-AGC-11	0.753894497559671	0.798236000208757	0.756264837773674	0.796468247388493	0.707074512167558	0.786134728580772	0.728183118741059	0.79413457585309
Ala-AGC-12	0.714705882352941	0.766432283705289	0.715930902111324	0.75632183908046	0.665461121157324	0.721037463976945	0.66525260316236	0.752370689655172
Ala-AGC-13	0.715400993612491	0.755013077593723	0.703208556149733	0.752747252747253	0.625	0.719678714859438	0.643033292231813	0.72106135986733
Ala-AGC-14	0.703786191536748	0.812807881773399	0.745283018867924	0.764705882352941	0.647982062780269	0.71571072319202	0.697826086956522	0.731111111111111
Ala-AGC-15	0.700301204819277	0.768839103869654	0.714285714285714	0.802083333333333	0.670921985815603	0.786144578313253	0.665952890792291	0.747492625368732
Ala-AGC-16	0.666666666666667	1	1	1	1	1	1	0
Ala-AGC-17	0.698895027624309	0.765748031496063	0.728260869565217	0.75	0.7	0.7	0.733552631578947	0.738053097345133
Ala-AGC-18	0	0	0	0	0	0.166666666666667	0	0
Ala-AGC-19	0.230769230769231	0.421052631578947	0.375	0.275862068965517	0.1875	0.34375	0.318181818181818	0.346938775510204
Ala-AGC-2	0.757614916005169	0.816738089236199	0.774326013211926	0.793503937007874	0.743847312908086	0.745541459827174	0.677437895140175	0.706659350135225
Ala-AGC-21	NA	0	NA	NA	NA	0	NA	0
Ala-AGC-23	NA	NA	NA	0	NA	NA	0	NA
Ala-AGC-24	0.689100219458669	0.719703977798335	0.653846153846154	0.699134199134199	0.600315955766193	0.685740236148956	0.614543114543114	0.680031446540881
Ala-AGC-3	0.730421686746988	0.796419098143236	0.749824807288017	0.772394881170018	0.722474977252047	0.719480519480519	0.623234916559692	0.679646819107992
Ala-AGC-4	0.80515314220106	0.844631118697872	0.800280219080372	0.830349430702788	0.748115917299434	0.787315796140692	0.760437217951335	0.816941418231819
Ala-AGC-5	0.808082271147161	0.837860356607232	0.816091954022989	0.817385083169379	0.733106189664963	0.778040904198062	0.743312588710558	0.799267044668787
Ala-AGC-6	0.685313557955828	0.715699840340607	0.642953020134228	0.689707475622969	0.615648854961832	0.634615384615385	0.595204732990814	0.667798466593647
Ala-AGC-8	0.754015429366384	0.785714285714286	0.733127253992787	0.774890590809628	0.70639834881321	0.742763962494904	0.676080349862872	0.728141402359697
Ala-AGC-9	0.770904925544101	0.818767908309456	0.760869565217391	0.828034682080925	0.707850707850708	0.747252747252747	0.712729748127978	0.763606823720552
Ala-CGC-1	0.797935020481454	0.859427511878549	0.8014624418347	0.841319466598609	0.747417171357321	0.811711226748011	0.742357906362166	0.822108885338577
Ala-CGC-2	0.805852607145818	0.855900523354189	0.80855647891659	0.85036040365209	0.75	0.808962847021995	0.747972246652985	0.818112009829016
Ala-CGC-3	0.813270302211717	0.86178775683118	0.830508474576271	0.860759493670886	0.769848251594458	0.824960127591707	0.760820615461596	0.828333125855845
Ala-CGC-4	0.794045876037091	0.847809377401998	0.799906498363721	0.80280701754386	0.761250953470633	0.788879235447437	0.699450693172901	0.739181286549708
Ala-CGC-5	0	0.00251889168765743	0	0	0	0	0	0
Ala-TGC-1	0.796414852752881	0.854684512428298	0.812615955473098	0.813347236704901	0.779069767441861	0.789006342494715	0.704909819639279	0.763266509433962
Ala-TGC-2	0.80746253013311	0.86402873529923	0.803594351732991	0.848758752387015	0.761848876049472	0.814219364058592	0.770182907600126	0.824697130712008
Ala-TGC-3	0.809386943892371	0.861192116647973	0.798354935194417	0.844498065801065	0.756732368947918	0.81227543923262	0.769297258181233	0.823881416415043
Ala-TGC-4	0.849238767174155	0.872140289582424	0.829163994013256	0.861825249580352	0.79546690843155	0.835200245511739	0.805771753388719	0.842611491681812
Ala-TGC-5	0.77215587680704	0.824454697986577	0.771419733993195	0.768033409263478	0.737126734070068	0.761328367473619	0.656105695228322	0.722821869488536
Ala-TGC-6	0.836276083467095	0.823899371069182	0.804222648752399	0.798165137614679	0.731707317073171	0.7982924226254	0.66358024691358	0.74001268230818
Ala-TGC-7	0	0.032258064516129	0	0.125	0	0	0	0.0666666666666667
Ala-TGC-9	0	0	NA	NA	NA	0	NA	NA
Arg-ACG-1	0.778098243617269	0.816714244279237	0.758636109558413	0.795024561062205	0.723693026611919	0.77519439923532	0.723386447770803	0.76538350325066
Arg-ACG-2	0.794315742728147	0.813961688660866	0.753523352082412	0.788319684033223	0.713651408734964	0.778783958602846	0.714913887871015	0.834709232457286
Arg-CCG-1	0.818781572796502	0.849039282112286	0.80489219762158	0.828845915969158	0.780712864121585	0.815647191736604	0.779022738268021	0.833024860446866
Arg-CCG-2	0.839193667157585	0.863666048160549	0.826817796283445	0.862499556564617	0.806477508650519	0.834863999436996	0.800417908613219	0.833429414357896
Arg-CCT-1	0.701552751325233	0.809467097676705	0.738999498075958	0.775503703113801	0.682331907285614	0.741532390660967	0.683714271609814	0.723565718911262
Arg-CCT-2	0.797445393394301	0.839593908629442	0.80197864321608	0.829726333426417	0.79359933989509	0.825193253689389	0.797552664188352	0.814842809551804
Arg-CCT-3	0.698013919538279	0.800941844819854	0.749512670565302	0.79038189533239	0.691414848909346	0.768130745658836	0.698466300830167	0.748410256410256
Arg-CCT-4	0.760091380054684	0.804907343857241	0.772985674221178	0.807182320441989	0.747953361448772	0.789430140975578	0.749723612242523	0.783732435199921
Arg-CCT-5	0.666666666666667	0.8	1	1	1	0.571428571428571	0.6	0.6
Arg-CCT-6	NA	0	NA	NA	NA	NA	NA	NA
Arg-TCG-1	0.81108805901337	0.848736991702196	0.797217928902628	0.836764195674801	0.761792242532323	0.812784471218206	0.766541038525963	0.811373951313437
Arg-TCG-2	0.718298050723119	0.807950506778992	0.75642965204236	0.768411442483262	0.676772499403199	0.778123057799876	0.67878508973769	0.765841013824885
Arg-TCG-3	0.806672543568183	0.842966284670321	0.788094869012556	0.821554954204829	0.762167125803489	0.810210281765652	0.753859090636074	0.803660204502529
Arg-TCG-4	0.651960784313726	0.764209754308764	0.668341708542714	0.698369565217391	0.580402010050251	0.598237885462555	0.48760775862069	0.5646234676007
Arg-TCG-5	0.837598499061914	0.868313567245706	0.813457694870087	0.855428637360102	0.806760394854921	0.841456660204929	0.800707468464259	0.843145222735815
Arg-TCG-6	NA	NA	0.5	NA	1	1	1	1
Arg-TCT-1	0.852009837829529	0.887827897293546	0.835367980467387	0.879175747969091	0.806405480909937	0.853530740758544	0.804169569644675	0.85357138199507
Arg-TCT-2	0.804036644718007	0.857649143532191	0.802535023348899	0.85390796201607	0.772677744483792	0.825836708590919	0.791463306415831	0.838885420804722
Arg-TCT-3	0.796724470134875	0.839346419563549	0.776796230859835	0.834115194162106	0.746483552995902	0.799584797189396	0.770468236582694	0.818821301348244
Arg-TCT-4	0.708333333333333	0.818509615384615	0.75	0.755632582322357	0.694402420574887	0.767726161369193	0.668269230769231	0.690789473684211
Arg-TCT-5	1	1	1	1	0	0.666666666666667	1	0.8
Asn-GTT-1	0.684210526315789	0.781456953642384	0.786666666666667	0.786206896551724	0.67816091954023	0.695652173913043	0.635802469135803	0.707692307692308
Asn-GTT-10	0	0	0	0	0	0	0	0
Asn-GTT-11	NA	0	NA	NA	NA	NA	NA	0
Asn-GTT-12	0	NA	NA	NA	NA	NA	NA	NA
Asn-GTT-13	0.75	0.333333333333333	NA	0	NA	NA	1	0.666666666666667
Asn-GTT-14	0	0	0	0	0	0	0	0
Asn-GTT-15	NA	0	1	NA	NA	NA	NA	NA
Asn-GTT-17	0	0	0	0	0	0	0	0
Asn-GTT-2	0.666666666666667	0.647058823529412	1	0.692307692307692	0.75	0.5	0.625	0.526315789473684
Asn-GTT-20	0	NA	0	NA	0	0	0	0
Asn-GTT-24	0.210526315789474	0.125	0	0.1	0.25	0	0.0909090909090909	0
Asn-GTT-25	0	0	0	0	0	0	0	0
Asn-GTT-26	0.125	0	0	0	0	0	0	0
Asn-GTT-27	NA	NA	NA	NA	1	NA	0.333333333333333	0
Asn-GTT-3	0.714285714285714	0.802371541501976	0.746031746031746	0.76027397260274	0.691919191919192	0.791666666666667	0.712871287128713	0.683385579937304
Asn-GTT-4	0.705882352941177	0.783783783783784	0.875	0.666666666666667	0.645161290322581	0.782608695652174	0.509803921568627	0.805555555555556
Asn-GTT-5	0.7	0.818181818181818	0.833333333333333	0.625	0.625	0.875	0.714285714285714	0.791666666666667
Asn-GTT-6	0.693661971830986	0.70392749244713	0.757142857142857	0.723404255319149	0.66079295154185	0.61576354679803	0.646511627906977	0.699386503067485
Asn-GTT-7	0.769230769230769	0.761904761904762	0.6	0.666666666666667	0.666666666666667	0.636363636363636	0.863636363636364	0.75
Asn-GTT-8	0.4	0.666666666666667	NA	0.5	1	1	0.75	0.5
Asn-GTT-9	0.625	0.770562770562771	0.806451612903226	0.814159292035398	0.755102040816326	0.75	0.63677130044843	0.672535211267606
Asp-GTC-1	0.458877050161619	0.628606557377049	0.572484599589322	0.566053942621543	0.471673565937315	0.56496129249411	0.422553157601338	0.507459564974902
Asp-GTC-2	0.445107424180636	0.647637277535872	0.57926499032882	0.55054820415879	0.423999644910007	0.536432886787497	0.397919945261717	0.457644116120832
Asp-GTC-3	0.417817225509533	0.539015606242497	0.502183406113537	0.484503478810879	0.424190800681431	0.474239602731223	0.401215805471125	0.422434367541766
Asp-GTC-4	0.439688715953307	0.639200998751561	0.476987447698745	0.545741324921136	0.387453874538745	0.549253731343284	0.394422310756972	0.463305679642629
Asp-GTC-5	0.583732057416268	0.752774974772957	0.684210526315789	0.65	0.513440860215054	0.596219931271478	0.541069100391134	0.57512315270936
Asp-GTC-8	NA	NA	NA	NA	NA	NA	NA	NA
Cys-GCA-1	0.775510204081633	0.697916666666667	0.67	0.79	0.716535433070866	0.700636942675159	0.647619047619048	0.704545454545455
Cys-GCA-10	0.0930232558139535	0.0906862745098039	0.0631578947368421	0.0888888888888889	0.0482758620689655	0.0552268244575937	0.0496277915632754	0.0442583732057416
Cys-GCA-11	0.836065573770492	0.801470588235294	0.86	0.763157894736842	0.696551724137931	0.773333333333333	0.781420765027322	0.807228915662651
Cys-GCA-12	0.769874476987448	0.74390243902439	0.76056338028169	0.751724137931034	0.690298507462687	0.71957671957672	0.604060913705584	0.754385964912281
Cys-GCA-13	0.792580101180438	0.792387543252595	0.754716981132076	0.772357723577236	0.698729582577132	0.771019677996422	0.698412698412698	0.75920471281296
Cys-GCA-14	0.757150869321368	0.775369003690037	0.731660231660232	0.774021352313167	0.711730668069437	0.746818486269257	0.716687166871669	0.746505892025212
Cys-GCA-15	0.741379310344828	0.698795180722892	0.6875	0.846153846153846	0.805970149253731	0.711864406779661	0.686274509803922	0.706896551724138
Cys-GCA-16	0.866666666666667	0.738095238095238	0.75	0.65	0.75609756097561	0.645161290322581	0.672131147540984	0.666666666666667
Cys-GCA-17	0.732642487046632	0.754329004329004	0.758064516129032	0.754744525547445	0.620646766169154	0.697263901147396	0.650890143291359	0.739661393283375
Cys-GCA-18	1	0.833333333333333	0.6	0.5	0.769230769230769	0.9	0.7	0.861111111111111
Cys-GCA-19	0.773361227336123	0.796138996138996	0.740484429065744	0.777886497064579	0.732022126613399	0.75	0.68630201028518	0.749015748031496
Cys-GCA-2	0.767025232934778	0.79267985913131	0.78335390100096	0.779513780388726	0.677115175379514	0.764343098271525	0.7175251573772	0.766708406148088
Cys-GCA-20	NA	0	1	NA	NA	0	NA	NA
Cys-GCA-21	0.722610722610723	0.757746478873239	0.826086956521739	0.746835443037975	0.602666666666667	0.710900473933649	0.621661721068249	0.674809160305344
Cys-GCA-22	NA	NA	NA	NA	NA	NA	NA	NA
Cys-GCA-23	1	1	NA	0	1	NA	1	0.75
Cys-GCA-24	1	NA	1	NA	NA	0.5	NA	1
Cys-GCA-25	0	0	0	0	0	0	0	0
Cys-GCA-3	0.82089552238806	0.84	0.766666666666667	0.796610169491525	0.776785714285714	0.736842105263158	0.65	0.801619433198381
Cys-GCA-4	0.798784142477952	0.808102991291178	0.755546905410666	0.805927180355631	0.746473843956436	0.784449075280021	0.711682103376158	0.764972871452421
Cys-GCA-5	0.507246376811594	0.47581903276131	0.529850746268657	0.50873786407767	0.430084745762712	0.571245186136072	0.45119139123751	0.573713791612624
Cys-GCA-6	0.783548387096774	0.80026455026455	0.747787610619469	0.806864456079116	0.736348408710218	0.781147241505298	0.72285906945381	0.767899182938651
Cys-GCA-7	NA	0	NA	NA	NA	NA	NA	NA
Cys-GCA-8	0.758241758241758	0.785567010309278	0.791836734693877	0.785515320334262	0.723849372384937	0.802017654476671	0.712925170068027	0.789795918367347
Cys-GCA-9	0.809043250327654	0.821989528795812	0.776986301369863	0.810810810810811	0.773056561716356	0.807445008460237	0.743548242064562	0.814516129032258
Gln-CTG-1	0.726165104887309	0.766744466487727	0.724092151503319	0.76044714809242	0.700248231932931	0.74509438879994	0.679641875940524	0.720216454765157
Gln-CTG-10	NA	NA	NA	NA	NA	NA	0	NA
Gln-CTG-11	1	NA	NA	NA	NA	NA	NA	0
Gln-CTG-17	NA	NA	NA	0	NA	NA	NA	NA
Gln-CTG-2	0.739877063866148	0.773827500112129	0.718646982943959	0.767338459856409	0.700359336965341	0.742925803544608	0.670500676589986	0.718256428962247
Gln-CTG-3	0.748171846435101	0.768358514070336	0.724310776942356	0.747533518846446	0.690247933884298	0.72949412230881	0.65864590705355	0.705295812098382
Gln-CTG-4	0.746058750141772	0.770129996119519	0.731584258324924	0.775278121137206	0.701458780956689	0.743837084673098	0.674404702600379	0.72212920329287
Gln-CTG-5	0.731927710843373	0.750825082508251	0.641025641025641	0.804154302670623	0.725768321513002	0.713450292397661	0.642561983471074	0.738794435857805
Gln-CTG-6	0.775204359673024	0.752507279197671	0.70360824742268	0.750195771339076	0.729977116704805	0.748717948717949	0.714522821576764	0.750092833271444
Gln-CTG-7	0.788617886178862	0.814516129032258	0.816326530612245	0.817708333333333	0.733333333333333	0.795918367346939	0.786324786324786	0.824324324324324
Gln-CTG-8	0	0	0	0	0	0	0	0
Gln-CTG-9	0	0.4	0	0.4	0	NA	0	0.25
Gln-TTG-1	0.74694046878241	0.788452128527157	0.753561253561254	0.778763370727889	0.677002583979328	0.737940026075619	0.685245901639344	0.720924283765348
Gln-TTG-2	0.743770764119601	0.791356611333715	0.732297063903282	0.778118609406953	0.696558257025576	0.730287859824781	0.675886951292844	0.725879917184265
Gln-TTG-3	0.786854460093897	0.817244176613744	0.804597701149425	0.79952485380117	0.772021325915624	0.799023387304035	0.759713619177862	0.777550751384129
Gln-TTG-4	0.53125	0.688888888888889	0.416666666666667	0.818181818181818	0.448275862068966	0.789473684210526	0.666666666666667	0.846153846153846
Gln-TTG-5	NA	0	NA	NA	NA	NA	NA	NA
Gln-TTG-6	NA	NA	NA	NA	0	NA	NA	NA
Glu-CTC-1	0.695176478821764	0.793877178517255	0.678764875013236	0.71193427283189	0.579267306079064	0.653643871988971	0.533831301368036	0.606248405673154
Glu-CTC-2	0.530061349693252	0.623168178646197	0.514150943396226	0.591885441527446	0.451923076923077	0.477954144620811	0.446833930704898	0.492588369441277
Glu-CTC-3	0.991701244813278	0.992894233397103	0.995215311004785	0.990405117270789	0.986945169712794	0.988553590010406	0.992985190958691	0.993732590529248
Glu-CTC-7	NA	NA	0	NA	NA	NA	NA	NA
Glu-TTC-1	0.631670449606413	0.773158558657379	0.652258064516129	0.687214958954089	0.562418158009603	0.682618543143129	0.551265319115072	0.658592759361333
Glu-TTC-10-multi	NA	NA	NA	0	NA	NA	NA	0
Glu-TTC-12	NA	NA	NA	NA	NA	NA	0	NA
Glu-TTC-13	1	NA	NA	NA	1	NA	NA	NA
Glu-TTC-14	0.641921397379913	0.74835886214442	0.666666666666667	0.61437908496732	0.560283687943262	0.644230769230769	0.428921568627451	0.578199052132701
Glu-TTC-2	0.651805842006811	0.762269828759762	0.652283623517537	0.695197140044557	0.569001134743519	0.683280471227911	0.554574174016059	0.646239302503114
Glu-TTC-3	0.688051323175621	0.776912505726065	0.564912280701754	0.64924506387921	0.563953488372093	0.576949152542373	0.349691358024691	0.447241379310345
Glu-TTC-4	0.638229795800978	0.771821162754385	0.632451043684097	0.653359435083549	0.553972810485837	0.636149774554009	0.510411376333164	0.587283031334977
Glu-TTC-5	0	0	0	0	0	0	0	0
Glu-TTC-6	0	0	0	0	0	0	0	0
Glu-TTC-7	1	0	1	0	0.5	1	0	1
Glu-TTC-9	NA	NA	NA	NA	NA	NA	NA	0
Gly-CCC-1	0.796393014525869	0.836167461885292	0.768494264294102	0.779817619411079	0.71094850636842	0.743758831841733	0.729952324659972	0.737865264702286
Gly-CCC-2	0.732936297589723	0.782088844479821	0.828665729239903	0.793359637340497	0.720047890347618	0.805468842030863	0.743140104606334	0.800477644426978
Gly-CCC-3	0.7	0.875	0.666666666666667	0.666666666666667	1	0.5	0.5	0.166666666666667
Gly-CCC-4	0.340909090909091	0.455445544554455	0.454545454545455	0.41025641025641	0.307692307692308	0.35	0.328125	0.314606741573034
Gly-CCC-5	0.778393351800554	0.826424870466321	0.778425655976676	0.736363636363636	0.737179487179487	0.763904653802497	0.759842519685039	0.773558368495077
Gly-CCC-6	0	0	0	0	0	0	0	0
Gly-GCC-1	0.707097310784585	0.715859520673315	0.756084968284408	0.642357642357642	0.677606795518897	0.618805806731731	0.536426086180748	0.551733878713235
Gly-GCC-2	0.70105229951103	0.728953837749249	0.770137361497282	0.696818214989418	0.690272301626417	0.714455312212063	0.656755034909573	0.682677311261755
Gly-GCC-3	0.74293059125964	0.783595113438045	0.775	0.744769874476987	0.654255319148936	0.699248120300752	0.656160458452722	0.697965571205008
Gly-GCC-4	0.571428571428571	0.777777777777778	1	1	0.8	0.848484848484849	0.714285714285714	0.625
Gly-GCC-5	0.762886597938144	0.810055865921788	0.794117647058823	0.781818181818182	0.661016949152542	0.702970297029703	0.557692307692308	0.569230769230769
Gly-TCC-1-multi	0.725076536440484	0.803047237033339	0.743702359346642	0.77502001601281	0.694817507953174	0.760643486054727	0.705375063786358	0.76760170958667
Gly-TCC-4	0.731505820503192	0.815803336259877	0.7074122236671	0.77853177051203	0.707435344827586	0.787386215864759	0.706159110350727	0.778950454412196
Gly-TCC-5-multi	0.736842105263158	0.822834645669291	0.813953488372093	0.784810126582278	0.801526717557252	0.790960451977401	0.722222222222222	0.786046511627907
His-GTG-1	0.455932465923172	0.474162859896903	0.518647342995169	0.446366393350556	0.464394440767704	0.52392171076477	0.421835580687255	0.47038970962812
His-GTG-2	0.857142857142857	0.5	0.5	0.833333333333333	0	0	0	0.333333333333333
Ile-AAT-1	0.75	0.787234042553192	1	0.75	0.647058823529412	0.869565217391304	0.631578947368421	0.716666666666667
Ile-AAT-10	1	NA	NA	NA	NA	NA	NA	NA
Ile-AAT-12	0.770687936191426	0.843122676579926	0.736059479553903	0.83806146572104	0.74085684430512	0.810240963855422	0.754320060105184	0.8143550998381
Ile-AAT-2	0.801526717557252	0.826229508196721	0.857142857142857	0.850828729281768	0.735	0.835294117647059	0.763975155279503	0.75146771037182
Ile-AAT-3	0.795454545454545	0.858472998137803	0.805970149253731	0.807807807807808	0.793023255813953	0.807086614173228	0.721649484536082	0.812941176470588
Ile-AAT-4	0.770025839793282	0.837254901960784	0.736263736263736	0.836501901140684	0.727011494252874	0.698529411764706	0.734241908006814	0.810157194679565
Ile-AAT-6	0.836170212765957	0.857632933104631	0.87719298245614	0.857859531772575	0.794486215538847	0.802405498281787	0.750233863423761	0.833333333333333
Ile-AAT-7-multi	0.821868583162218	0.859809872866796	0.796279069767442	0.822477650063857	0.740776142229019	0.800239234449761	0.734723569350145	0.804913765050439
Ile-AAT-8	0.809218203033839	0.854779747760921	0.802083333333333	0.828241958324904	0.732274532047646	0.80174382395682	0.723354493818911	0.813054548260165
Ile-AAT-9	1	NA	NA	0	1	0.5	NA	0
Ile-GAT-1	0.741935483870968	0.8	0.87037037037037	0.776315789473684	0.723684210526316	0.830188679245283	0.762886597938144	0.862179487179487
Ile-TAT-1	0.755	0.839357429718876	0.8	0.820224719101124	0.625850340136054	0.762295081967213	0.676470588235294	0.837423312883436
Ile-TAT-2	0.713665943600868	0.820793433652531	0.824561403508772	0.789473684210526	0.712765957446808	0.775167785234899	0.745454545454545	0.801832760595647
Ile-TAT-3	0.597560975609756	0.763005780346821	0.733333333333333	0.76530612244898	0.558441558441558	0.644444444444444	0.563380281690141	0.661157024793388
iMet-CAT-1	0.703752614141034	0.77561837861942	0.686046257671391	0.743399289854633	0.598759620108073	0.712973270208286	0.597956750670596	0.762111584343022
iMet-CAT-2	0.669964664310954	0.72969837587007	0.530120481927711	0.721218961625282	0.58508604206501	0.708333333333333	0.558586484810911	0.721883173496077
iMet-CAT-3	1	0.888888888888889	NA	1	1	1	NA	NA
Leu-AAG-1	0.666638634261206	0.740414637192457	0.787145736985652	0.693642733174777	0.687532126335028	0.651975287156283	0.638801449189285	0.704267708692487
Leu-AAG-2	0.638635596082405	0.618564356435644	0.723629260406844	0.545978819335221	0.631473909657321	0.564920928322037	0.531101592327032	0.579640067523104
Leu-AAG-3	0.655913978494624	0.666666666666667	0.741573033707865	0.507936507936508	0.68141592920354	0.657407407407407	0.453846153846154	0.592436974789916
Leu-AAG-4	0.671361502347418	0.7578125	0.771341463414634	0.705645161290323	0.74390243902439	0.701030927835051	0.612987012987013	0.672413793103448
Leu-AAG-6	0.428571428571429	0.333333333333333	0.833333333333333	1	1	0.916666666666667	0.6	0.75
Leu-AAG-8	NA	NA	NA	NA	NA	NA	0	NA
Leu-CAA-1	0.613473606496862	0.73419602818706	0.732170825937141	0.638365783593999	0.569110240626749	0.644500942445097	0.544757882033489	0.639145937685712
Leu-CAA-2	0.602761681666872	0.716410299991502	0.743113176236309	0.65808644973288	0.561096797938903	0.637585812356979	0.547036328871893	0.654473215508974
Leu-CAA-3	0.589119683481701	0.707897754097255	0.734841193455245	0.628253305497564	0.538763339610797	0.616228070175439	0.535697835099033	0.625906900386591
Leu-CAA-4	0.548670713837136	0.694448449891853	0.683640303358613	0.626554894537588	0.512974683544304	0.607429718875502	0.504464285714286	0.600981595092025
Leu-CAA-5	NA	0.75	NA	1	NA	NA	NA	1
Leu-CAA-6	0	0	0	0	0	0	0	0
Leu-CAG-1	0.569291637309631	0.543026565464896	0.648441418846292	0.518535645472062	0.49825387482833	0.458436410241125	0.416101727373703	0.460670620990195
Leu-CAG-2	0.619583256500092	0.733601519722874	0.76140518200604	0.67084498601678	0.615342948066897	0.717294192724952	0.608239870667879	0.688611586782184
Leu-TAA-1	0.599558853017846	0.737089907337841	0.694540428472702	0.643831877729258	0.51692878986457	0.614758595464521	0.542442069876336	0.661701034710501
Leu-TAA-2	0.609866666666667	0.651682368775236	0.733232856066315	0.611349957007739	0.616586538461538	0.666259914582062	0.573775989268947	0.646915494517665
Leu-TAA-3	0.664315937940762	0.764040911537771	0.740807174887892	0.692158133506157	0.599166666666667	0.685242518059855	0.625874125874126	0.731119133574007
Leu-TAA-4	0.269058295964126	0.337078651685393	0.364583333333333	0.271739130434783	0.288065843621399	0.261744966442953	0.218694885361552	0.298866855524079
Leu-TAG-1	0.65370385595659	0.716585265185389	0.781887201735358	0.674780526735834	0.690699514069386	0.635393466963623	0.626076180537438	0.678376094979768
Leu-TAG-2	0.588220098165849	0.60220852593734	0.723642732049037	0.534854245880862	0.630230962725817	0.605124193232936	0.556221198156682	0.607142857142857
Leu-TAG-3	0.66117125984252	0.639820551164281	0.757900101936799	0.582379862700229	0.655934107076002	0.601516427969671	0.53802980452874	0.65938444627645
Lys-CTT-1	0.754339158976474	0.799278035707383	0.751639435367345	0.78340727595386	0.720603198622453	0.767511538694677	0.697408813706712	0.7601191420713
Lys-CTT-11	0	0	0	0	0	0	0	0
Lys-CTT-12	1	0.666666666666667	1	1	1	0	0.666666666666667	0.333333333333333
Lys-CTT-13	NA	1	NA	NA	NA	NA	NA	NA
Lys-CTT-14	0	NA	0	NA	NA	NA	NA	0
Lys-CTT-2	0.788928633857882	0.826446751533333	0.772372402919411	0.808730765751318	0.737880686678204	0.787998952527029	0.720418989550133	0.776533005442084
Lys-CTT-3	0.75531914893617	0.817180616740088	0.74468085106383	0.811188811188811	0.736486486486487	0.80188679245283	0.73469387755102	0.800711743772242
Lys-CTT-4	0.819170302652538	0.843185276429244	0.80561122244489	0.843723535925998	0.783564064801178	0.833486076841734	0.745787942350633	0.808829442195835
Lys-CTT-5	0.857142857142857	0.657142857142857	1	0.5	0.666666666666667	0.6	0.583333333333333	0.615384615384615
Lys-CTT-6	0.671875	0.751030303030303	0.763665594855305	0.77145612343298	0.732430143945809	0.795613160518445	0.710540395933654	0.760940325497288
Lys-CTT-7	0.691489361702128	0.771739130434783	0.805309734513274	0.782442748091603	0.728323699421965	0.822033898305085	0.717894736842105	0.757685352622061
Lys-CTT-8	1	1	1	0.985611510791367	1	0.985185185185185	0.993710691823899	0.985221674876847
Lys-CTT-9	NA	0.666666666666667	NA	NA	0	NA	NA	NA
Lys-TTT-1	0.808510638297872	0.879854368932039	0.908163265306122	0.853801169590643	0.817745803357314	0.842553191489362	0.815656565656566	0.874074074074074
Lys-TTT-10	NA	NA	1	NA	NA	NA	NA	1
Lys-TTT-14	0	0	NA	0	0	NA	NA	NA
Lys-TTT-2	0.841787439613527	0.885245901639344	0.804733727810651	0.877959927140255	0.8125	0.814016172506739	0.77970297029703	0.82719836400818
Lys-TTT-3	0.809337433603578	0.870834708017156	0.782117163412127	0.835734870317003	0.775420875420875	0.794648051192554	0.718931475029036	0.777035236938032
Lys-TTT-4	0.819512195121951	0.878195488721805	0.75	0.8	0.794285714285714	0.777227722772277	0.802222222222222	0.812260536398467
Lys-TTT-5	NA	NA	NA	NA	NA	NA	1	NA
Lys-TTT-6	0.609665427509294	0.773584905660377	0.6	0.633802816901408	0.467289719626168	0.51875	0.515418502202643	0.681318681318681
Lys-TTT-7	0	0.0178571428571429	0	0	0	0	0	0
Lys-TTT-8	NA	NA	NA	0	NA	0	0	NA
Lys-TTT-9	0	NA	NA	NA	0	0	NA	NA
Met-CAT-1	0.795679398872887	0.860393202644047	0.777727478497057	0.835217602723073	0.742133015819017	0.802682694422048	0.746388039700155	0.836759817801305
Met-CAT-2	0.784932791497343	0.855495519240907	0.776400171013254	0.831680478195897	0.730265934993668	0.805228227007991	0.733758295494237	0.81354713851258
Met-CAT-3	0.795849980667612	0.861113253631572	0.798273155416013	0.833909078347381	0.743102095031093	0.80075640364449	0.737048411864544	0.831275911864723
Met-CAT-4	0.773537202022634	0.840139813410779	0.763888888888889	0.813044654939107	0.70259021959367	0.787075437030815	0.71255281450184	0.806498788903615
Met-CAT-5	0.8125	0.836575875486381	0.780487804878049	0.854014598540146	0.7	0.825174825174825	0.775933609958506	0.804347826086957
Met-CAT-6	0.794100333573157	0.861045090884745	0.805869074492099	0.845157949249094	0.762148337595908	0.824532957349313	0.751029481432892	0.831416295268341
Met-CAT-7	0.529411764705882	0.780487804878049	0.545454545454545	0.95	0.789473684210526	0.633333333333333	0.791666666666667	0.82051282051282
Phe-GAA-1	0.787004053556074	0.85150385043832	0.794558162755866	0.818410347822113	0.745078793827362	0.794900018345258	0.74878003003003	0.821304023665793
Phe-GAA-11	0	0	NA	0	NA	0	0	NA
Phe-GAA-3	0.742687159147248	0.810909874946097	0.726102941176471	0.766691122523844	0.693901485535575	0.745313510019392	0.689887640449438	0.798517925095133
Phe-GAA-4-multi	0.420427553444181	0.504784688995215	0.556962025316456	0.393034825870647	0.4	0.375	0.32843137254902	0.519886363636364
Phe-GAA-5	0	0	NA	0	NA	0	0	0
Phe-GAA-6	NA	NA	NA	NA	NA	NA	NA	0
Phe-GAA-7	NA	NA	NA	0	NA	NA	NA	NA
Phe-GAA-9/tRX2	0.636363636363636	0.769230769230769	0.833333333333333	1	0.428571428571429	0.25	0	0.473684210526316
Pro-AGG-1-multi	0.628539818714699	0.639964917409735	0.683468559837728	0.625340232704214	0.607198868749197	0.659904407859798	0.608729351969504	0.649587675269858
Pro-AGG-3	1	0.6	NA	NA	NA	NA	1	1
Pro-CGG-1	0.656543480912306	0.680646570554827	0.702828499820981	0.685844176203167	0.620350711645828	0.687847244396194	0.637029327584284	0.681178906607148
Pro-CGG-2	0.669279216235129	0.692176767369765	0.668511685116851	0.673134328358209	0.655590062111801	0.683870967741935	0.637405906195715	0.665401207937877
Pro-TGG-1	0.603503184713376	0.646543463381246	0.697540554683412	0.63249581239531	0.598077500750976	0.689073184926524	0.5949098621421	0.653371226969816
Pro-TGG-2	0.705166553365058	0.707475440721303	0.711640882576718	0.709454928633011	0.665908906389543	0.710073504844637	0.663751026917315	0.707922879374449
Pro-TGG-3	0.657718120805369	0.685567010309278	0.739130434782609	0.701298701298701	0.765258215962441	0.817204301075269	0.757847533632287	0.798642533936652
Pro-TGG-4	NA	NA	NA	NA	NA	NA	0	NA
SeC-TCA-1	0.646143840442252	0.723676448901342	0.674393530997305	0.653497711777342	0.622862571247625	0.656739213440244	0.604776755153267	0.649767108563239
SeC-TCA-2	0	0	NA	0	NA	0	0	0
Ser-AGA-2-multi	0.692654397166926	0.786389664630862	0.702854230377166	0.736285075118384	0.677174886806615	0.70188207616527	0.684453105025671	0.722324241131147
Ser-AGA-3	0.663101604278075	0.754045307443366	0.708904109589041	0.720848056537102	0.631659056316591	0.670175438596491	0.656347717323327	0.699910952804987
Ser-AGA-4	0.264968152866242	0.341890315052509	0.280623608017817	0.308704453441296	0.245049504950495	0.314389359129383	0.253109789075176	0.304030710172745
Ser-AGA-5	NA	NA	0	0	NA	0	NA	0
Ser-CGA-1	0.617595513494567	0.704939620632652	0.654077540106952	0.681233408209108	0.585894672004928	0.625225095440467	0.636518555920222	0.664540876359015
Ser-CGA-2	0.648403844029603	0.725392644620037	0.678725701943845	0.703922622246104	0.637955323002616	0.665816917728853	0.678678678678679	0.689679885332059
Ser-CGA-3	0.630220553730643	0.685899747565813	0.634	0.647955092221331	0.592941176470588	0.60996835443038	0.615481171548117	0.642811906269791
Ser-CGA-4	0.628429831983561	0.716796163651815	0.649854711498547	0.686208376770712	0.639591409759399	0.664058904739991	0.654425322679779	0.665582214992544
Ser-GCT-1	0.641550466931048	0.70531137070342	0.68433734939759	0.696998799519808	0.64022975809124	0.694872294794307	0.655809913766363	0.688559322033898
Ser-GCT-2	0.634960226506674	0.696728519263731	0.662579636975598	0.674931129476584	0.617673916652831	0.637886818259532	0.655767082479985	0.674524787467762
Ser-GCT-3-multi	0.646808801021652	0.701301440588324	0.666957777703134	0.675495519357259	0.641246281046074	0.672790312564686	0.658642246106602	0.677654592330858
Ser-GCT-5	0.636466746863722	0.684848740026526	0.650716776443239	0.665675024791047	0.63492487836176	0.627704384453379	0.653160453808752	0.664778782619287
Ser-GCT-6	0.665906499429875	0.67741935483871	0.683087027914614	0.673913043478261	0.654311649016641	0.690883190883191	0.667472793228537	0.690298507462687
Ser-TGA-1	0.647910568599365	0.739428458712429	0.670010559662091	0.691801931374563	0.61862077990055	0.66233670381578	0.662204698320135	0.680015045135406
Ser-TGA-3-multi	0.691761200870861	0.796978636624626	0.717500900252071	0.752485609628467	0.682175769835918	0.738266628275266	0.695329920542696	0.730037125260199
Ser-TGA-4	0.700387517846217	0.789424585506509	0.731630510846746	0.734224724372508	0.694410625345877	0.731067818954153	0.672520345101879	0.711995628017124
Thr-AGT-1-multi	0.676506024096385	0.707742096091611	0.666666666666667	0.700890518596124	0.661663807890223	0.671974522292994	0.609430894308943	0.658518333749065
Thr-AGT-2	0.607784431137725	0.610582010582011	0.561497326203209	0.580168776371308	0.540441176470588	0.625277161862528	0.53860819828408	0.572759856630824
Thr-AGT-3	0.570579494799406	0.63489932885906	0.660606060606061	0.584487534626039	0.568129330254042	0.553846153846154	0.516460905349794	0.52865329512894
Thr-AGT-4	0.588516746411483	0.658573596358118	0.565573770491803	0.590759075907591	0.630662020905923	0.6328125	0.610126582278481	0.640759930915371
Thr-AGT-6	0.615032370124743	0.664550936210727	0.617741935483871	0.639705882352941	0.58054892601432	0.607874015748031	0.580812854442344	0.619837670088327
Thr-CGT-1	0.584415584415584	0.634969325153374	0.632911392405063	0.6	0.596938775510204	0.588888888888889	0.558011049723757	0.535971223021583
Thr-CGT-2	0.753543340202717	0.785691855319878	0.749260523321957	0.777633289986996	0.759399291417693	0.778055948623054	0.717636678937601	0.744679287796037
Thr-CGT-3	0.650725006359705	0.676686217008798	0.655819774718398	0.657453109575518	0.6171875	0.643250688705234	0.640605609332341	0.64005967922417
Thr-CGT-4	0.748071979434447	0.772481140371176	0.729040097205346	0.765479782739891	0.747774231479926	0.769126607989167	0.716177433160465	0.741711737748235
Thr-CGT-5	0	0.0769230769230769	0	0	0	0	0	0
Thr-CGT-6	0	0.142857142857143	0	0	0	0	0	0
Thr-TGT-1	0.628272251308901	0.753371868978805	0.688172043010753	0.708	0.694915254237288	0.728813559322034	0.64367816091954	0.58974358974359
Thr-TGT-2	0.726530612244898	0.758208955223881	0.676375404530744	0.727213114754098	0.698875614898103	0.717056190949776	0.684114583333333	0.710827391808987
Thr-TGT-3	0.778181818181818	0.801974090067859	0.757377049180328	0.788115246098439	0.75529315960912	0.77838727372463	0.720665499124343	0.757883291047481
Thr-TGT-4	0.0416666666666667	0.08	0	0.0943396226415094	0.00980392156862745	0.0289855072463768	0.0266666666666667	0.0194805194805195
Thr-TGT-5	0.754515050167224	0.786421499292786	0.732727272727273	0.766029246344207	0.739561217268224	0.76943231441048	0.681362725450902	0.746432939258051
Thr-TGT-6	0.7	0.727272727272727	0.333333333333333	0.5	0.470588235294118	0.541666666666667	0.571428571428571	0.507692307692308
Trp-CCA-1	0.825944995604672	0.876415867354316	0.812058212058212	0.861093080617941	0.773121851891544	0.831241694965303	0.77013306426184	0.895180531254971
Trp-CCA-2	0.818687296023208	0.875401195104767	0.808219178082192	0.853801515869256	0.720475675675676	0.803981785449539	0.715863572799886	0.861193909610892
Trp-CCA-3-multi	0.815401326320604	0.870920992246564	0.798804370232942	0.850934844192635	0.713192546583851	0.79550529424476	0.71095136127256	0.864813000163319
Trp-CCA-4	0.809781890284204	0.863768917492081	0.803060306030603	0.845849802371542	0.706115245182217	0.795963051659254	0.701962276458118	0.856441014513521
Tyr-GTA-1	0.793326523663602	0.831526788479405	0.795454545454545	0.843781094527363	0.782485875706215	0.754385964912281	0.684328693309385	0.773781353525793
Tyr-GTA-10	NA	NA	NA	0	NA	NA	NA	NA
Tyr-GTA-2	0.830677290836653	0.833752357008171	0.815175097276265	0.836276083467095	0.78590275160196	0.7444279346211	0.695769576957696	0.78881469115192
Tyr-GTA-3	0.799495586380832	0.84136546184739	0.801369863013699	0.856722997795738	0.780047132757266	0.837837837837838	0.691397360036413	0.82798833819242
Tyr-GTA-4	0.861224489795918	0.886319845857418	0.859649122807018	0.875613747954173	0.848232848232848	0.860655737704918	0.740740740740741	0.816301703163017
Tyr-GTA-5	0.840826521344233	0.848880597014925	0.837837837837838	0.866727941176471	0.794204115917682	0.78	0.697667884237145	0.790369853454292
Tyr-GTA-6	0.784448818897638	0.809187279151943	0.865979381443299	0.822485207100592	0.751024590163934	0.781362007168459	0.673734610123119	0.79987293519695
Tyr-GTA-7	0.888888888888889	0.842105263157895	0.764705882352941	0.862745098039216	0.784615384615385	0.785714285714286	0.724137931034483	0.81294964028777
Tyr-GTA-8	0.796296296296296	0.796875	0.777777777777778	0.877358490566038	0.780487804878049	0.80952380952381	0.790123456790123	0.821428571428571
Val-AAC-1-multi	0.707350113327739	0.840967897201033	0.765248785254757	0.802075375604787	0.712877911433868	0.801546157933618	0.7075487582433	0.792687428110354
Val-AAC-3	0.704090003515762	0.837387964148528	0.742234585071859	0.778323699421965	0.691519963180302	0.765602875503758	0.681791186601734	0.783663943990665
Val-AAC-4	1	0.666666666666667	0.666666666666667	0.6	0.5	0.875	0.666666666666667	0.666666666666667
Val-AAC-5	0.72316384180791	0.840236686390533	0.807387862796834	0.790645879732739	0.720912547528517	0.814043209876543	0.702915681639086	0.811912225705329
Val-AAC-6	0.166666666666667	0.307692307692308	0	0.5	0	0.181818181818182	0.133333333333333	0.0625
Val-CAC-1	0.720138156001151	0.852123257303315	0.76976097503254	0.810960326732772	0.716776681747386	0.815548549637237	0.71972149094414	0.813160039354286
Val-CAC-11	0.25	0	0	0	0	0	0	0
Val-CAC-14	0.48780487804878	0.795652173913043	0.5	0.5	0.523809523809524	0.654320987654321	0.527272727272727	0.673913043478261
Val-CAC-2	0.770389170896785	0.861574943187432	0.80049109883364	0.836123853211009	0.765375988667218	0.824108761329305	0.769177846577227	0.839676498572788
Val-CAC-3	0.769864100783652	0.882568681554097	0.789299982629842	0.836453148669119	0.733825165407811	0.823512747875354	0.726867982965544	0.824940281772535
Val-CAC-4	0.694825765575502	0.846327174402884	0.685185185185185	0.783707865168539	0.666077738515901	0.786676646706587	0.690596562184024	0.797672915319974
Val-CAC-6	0.517326732673267	0.728411166188364	0.621160409556314	0.617486338797814	0.537634408602151	0.658056580565806	0.58257345491388	0.656828703703704
Val-CAC-7	0.558724832214765	0.752703677000721	0.635761589403974	0.6875	0.564049586776859	0.698412698412698	0.575534266764923	0.765394402035623
Val-CAC-8/tRX4	0.811320754716981	0.79136690647482	0.763157894736842	0.727272727272727	0.746666666666667	0.582089552238806	0.769230769230769	0.728395061728395
Val-CAC-9	NA	NA	NA	0	0	NA	0	0
Val-TAC-1	0.817177653473058	0.871231897014125	0.802203856749311	0.855106888361045	0.787670565302144	0.842023052892384	0.784558238259485	0.849688229351726
Val-TAC-2	0.829746693566465	0.866803058038118	0.81214109926169	0.855467604807974	0.790706412825651	0.834057971014493	0.788544624120479	0.844249410531831
Val-TAC-3	0.834243511728299	0.881677584926049	0.827055488051843	0.862377503195569	0.798312732980184	0.848549708465569	0.805856043270231	0.852553149771715
Val-TAC-4	0.776336898395722	0.867448993199093	0.803545051698671	0.820811227109362	0.742340082422505	0.827865961199295	0.73403467180323	0.797650591768239
